[2026-04-06 14:06:48,637][httpx][INFO] - HTTP Request: HEAD https://huggingface.co/OpenGVLab/InternVL3-8B-hf/resolve/main/processor_config.json "HTTP/1.1 307 Temporary Redirect"
[2026-04-06 14:06:48,644][httpx][INFO] - HTTP Request: HEAD https://huggingface.co/OpenGVLab/InternVL3-8B-hf/resolve/main/processor_config.json "HTTP/1.1 307 Temporary Redirect"
[2026-04-06 14:06:48,657][httpx][INFO] - HTTP Request: HEAD https://huggingface.co/api/resolve-cache/models/OpenGVLab/InternVL3-8B-hf/259a3b64a14623c0ec91a045cb43f7c5af5fa6af/processor_config.json "HTTP/1.1 200 OK"
[2026-04-06 14:06:48,663][httpx][INFO] - HTTP Request: HEAD https://huggingface.co/api/resolve-cache/models/OpenGVLab/InternVL3-8B-hf/259a3b64a14623c0ec91a045cb43f7c5af5fa6af/processor_config.json "HTTP/1.1 200 OK"
[2026-04-06 14:06:48,692][httpx][INFO] - HTTP Request: HEAD https://huggingface.co/OpenGVLab/InternVL3-8B-hf/resolve/main/processor_config.json "HTTP/1.1 307 Temporary Redirect"
[2026-04-06 14:06:48,713][httpx][INFO] - HTTP Request: HEAD https://huggingface.co/api/resolve-cache/models/OpenGVLab/InternVL3-8B-hf/259a3b64a14623c0ec91a045cb43f7c5af5fa6af/processor_config.json "HTTP/1.1 200 OK"
[2026-04-06 14:06:48,723][httpx][INFO] - HTTP Request: HEAD https://huggingface.co/OpenGVLab/InternVL3-8B-hf/resolve/main/processor_config.json "HTTP/1.1 307 Temporary Redirect"
[2026-04-06 14:06:48,742][httpx][INFO] - HTTP Request: HEAD https://huggingface.co/api/resolve-cache/models/OpenGVLab/InternVL3-8B-hf/259a3b64a14623c0ec91a045cb43f7c5af5fa6af/processor_config.json "HTTP/1.1 200 OK"
[2026-04-06 14:06:48,780][httpx][INFO] - HTTP Request: GET https://huggingface.co/api/models/OpenGVLab/InternVL3-8B-hf/tree/main/additional_chat_templates?recursive=false&expand=false "HTTP/1.1 404 Not Found"
[2026-04-06 14:06:48,781][httpx][INFO] - HTTP Request: GET https://huggingface.co/api/models/OpenGVLab/InternVL3-8B-hf/tree/main/additional_chat_templates?recursive=false&expand=false "HTTP/1.1 404 Not Found"
[2026-04-06 14:06:48,826][httpx][INFO] - HTTP Request: GET https://huggingface.co/api/models/OpenGVLab/InternVL3-8B-hf/tree/main/additional_chat_templates?recursive=false&expand=false "HTTP/1.1 404 Not Found"
[2026-04-06 14:06:48,856][httpx][INFO] - HTTP Request: GET https://huggingface.co/api/models/OpenGVLab/InternVL3-8B-hf/tree/main/additional_chat_templates?recursive=false&expand=false "HTTP/1.1 404 Not Found"
[2026-04-06 14:06:48,891][httpx][INFO] - HTTP Request: HEAD https://huggingface.co/OpenGVLab/InternVL3-8B-hf/resolve/main/processor_config.json "HTTP/1.1 307 Temporary Redirect"
[2026-04-06 14:06:48,897][httpx][INFO] - HTTP Request: HEAD https://huggingface.co/OpenGVLab/InternVL3-8B-hf/resolve/main/processor_config.json "HTTP/1.1 307 Temporary Redirect"
[2026-04-06 14:06:48,909][httpx][INFO] - HTTP Request: HEAD https://huggingface.co/api/resolve-cache/models/OpenGVLab/InternVL3-8B-hf/259a3b64a14623c0ec91a045cb43f7c5af5fa6af/processor_config.json "HTTP/1.1 200 OK"
[2026-04-06 14:06:48,917][httpx][INFO] - HTTP Request: HEAD https://huggingface.co/api/resolve-cache/models/OpenGVLab/InternVL3-8B-hf/259a3b64a14623c0ec91a045cb43f7c5af5fa6af/processor_config.json "HTTP/1.1 200 OK"
[2026-04-06 14:06:48,938][httpx][INFO] - HTTP Request: HEAD https://huggingface.co/OpenGVLab/InternVL3-8B-hf/resolve/main/processor_config.json "HTTP/1.1 307 Temporary Redirect"
[2026-04-06 14:06:48,956][httpx][INFO] - HTTP Request: HEAD https://huggingface.co/api/resolve-cache/models/OpenGVLab/InternVL3-8B-hf/259a3b64a14623c0ec91a045cb43f7c5af5fa6af/processor_config.json "HTTP/1.1 200 OK"
[2026-04-06 14:06:48,969][httpx][INFO] - HTTP Request: HEAD https://huggingface.co/OpenGVLab/InternVL3-8B-hf/resolve/main/processor_config.json "HTTP/1.1 307 Temporary Redirect"
[2026-04-06 14:06:48,988][httpx][INFO] - HTTP Request: HEAD https://huggingface.co/api/resolve-cache/models/OpenGVLab/InternVL3-8B-hf/259a3b64a14623c0ec91a045cb43f7c5af5fa6af/processor_config.json "HTTP/1.1 200 OK"
[2026-04-06 14:06:49,026][httpx][INFO] - HTTP Request: HEAD https://huggingface.co/OpenGVLab/InternVL3-8B-hf/resolve/main/chat_template.json "HTTP/1.1 404 Not Found"
[2026-04-06 14:06:49,033][httpx][INFO] - HTTP Request: HEAD https://huggingface.co/OpenGVLab/InternVL3-8B-hf/resolve/main/chat_template.json "HTTP/1.1 404 Not Found"
[2026-04-06 14:06:49,077][httpx][INFO] - HTTP Request: HEAD https://huggingface.co/OpenGVLab/InternVL3-8B-hf/resolve/main/chat_template.json "HTTP/1.1 404 Not Found"
[2026-04-06 14:06:49,099][httpx][INFO] - HTTP Request: HEAD https://huggingface.co/OpenGVLab/InternVL3-8B-hf/resolve/main/chat_template.json "HTTP/1.1 404 Not Found"
[2026-04-06 14:06:49,147][httpx][INFO] - HTTP Request: HEAD https://huggingface.co/OpenGVLab/InternVL3-8B-hf/resolve/main/chat_template.jinja "HTTP/1.1 307 Temporary Redirect"
[2026-04-06 14:06:49,151][httpx][INFO] - HTTP Request: HEAD https://huggingface.co/OpenGVLab/InternVL3-8B-hf/resolve/main/chat_template.jinja "HTTP/1.1 307 Temporary Redirect"
[2026-04-06 14:06:49,165][httpx][INFO] - HTTP Request: HEAD https://huggingface.co/api/resolve-cache/models/OpenGVLab/InternVL3-8B-hf/259a3b64a14623c0ec91a045cb43f7c5af5fa6af/chat_template.jinja "HTTP/1.1 200 OK"
[2026-04-06 14:06:49,171][httpx][INFO] - HTTP Request: HEAD https://huggingface.co/api/resolve-cache/models/OpenGVLab/InternVL3-8B-hf/259a3b64a14623c0ec91a045cb43f7c5af5fa6af/chat_template.jinja "HTTP/1.1 200 OK"
[2026-04-06 14:06:49,196][httpx][INFO] - HTTP Request: HEAD https://huggingface.co/OpenGVLab/InternVL3-8B-hf/resolve/main/chat_template.jinja "HTTP/1.1 307 Temporary Redirect"
[2026-04-06 14:06:49,214][httpx][INFO] - HTTP Request: HEAD https://huggingface.co/api/resolve-cache/models/OpenGVLab/InternVL3-8B-hf/259a3b64a14623c0ec91a045cb43f7c5af5fa6af/chat_template.jinja "HTTP/1.1 200 OK"
[2026-04-06 14:06:49,220][httpx][INFO] - HTTP Request: HEAD https://huggingface.co/OpenGVLab/InternVL3-8B-hf/resolve/main/chat_template.jinja "HTTP/1.1 307 Temporary Redirect"
[2026-04-06 14:06:49,238][httpx][INFO] - HTTP Request: HEAD https://huggingface.co/api/resolve-cache/models/OpenGVLab/InternVL3-8B-hf/259a3b64a14623c0ec91a045cb43f7c5af5fa6af/chat_template.jinja "HTTP/1.1 200 OK"
[2026-04-06 14:06:49,283][httpx][INFO] - HTTP Request: HEAD https://huggingface.co/OpenGVLab/InternVL3-8B-hf/resolve/main/audio_tokenizer_config.json "HTTP/1.1 404 Not Found"
[2026-04-06 14:06:49,289][httpx][INFO] - HTTP Request: HEAD https://huggingface.co/OpenGVLab/InternVL3-8B-hf/resolve/main/audio_tokenizer_config.json "HTTP/1.1 404 Not Found"
[2026-04-06 14:06:49,329][httpx][INFO] - HTTP Request: HEAD https://huggingface.co/OpenGVLab/InternVL3-8B-hf/resolve/main/audio_tokenizer_config.json "HTTP/1.1 404 Not Found"
[2026-04-06 14:06:49,353][httpx][INFO] - HTTP Request: HEAD https://huggingface.co/OpenGVLab/InternVL3-8B-hf/resolve/main/audio_tokenizer_config.json "HTTP/1.1 404 Not Found"
[2026-04-06 14:06:49,428][httpx][INFO] - HTTP Request: GET https://huggingface.co/api/models/OpenGVLab/InternVL3-8B-hf/tree/main/additional_chat_templates?recursive=false&expand=false "HTTP/1.1 404 Not Found"
[2026-04-06 14:06:49,436][httpx][INFO] - HTTP Request: GET https://huggingface.co/api/models/OpenGVLab/InternVL3-8B-hf/tree/main/additional_chat_templates?recursive=false&expand=false "HTTP/1.1 404 Not Found"
[2026-04-06 14:06:49,455][httpx][INFO] - HTTP Request: GET https://huggingface.co/api/models/OpenGVLab/InternVL3-8B-hf/tree/main/additional_chat_templates?recursive=false&expand=false "HTTP/1.1 404 Not Found"
[2026-04-06 14:06:49,478][httpx][INFO] - HTTP Request: GET https://huggingface.co/api/models/OpenGVLab/InternVL3-8B-hf/tree/main/additional_chat_templates?recursive=false&expand=false "HTTP/1.1 404 Not Found"
[2026-04-06 14:06:49,540][httpx][INFO] - HTTP Request: HEAD https://huggingface.co/OpenGVLab/InternVL3-8B-hf/resolve/main/processor_config.json "HTTP/1.1 307 Temporary Redirect"
[2026-04-06 14:06:49,549][httpx][INFO] - HTTP Request: HEAD https://huggingface.co/OpenGVLab/InternVL3-8B-hf/resolve/main/processor_config.json "HTTP/1.1 307 Temporary Redirect"
[2026-04-06 14:06:49,559][httpx][INFO] - HTTP Request: HEAD https://huggingface.co/api/resolve-cache/models/OpenGVLab/InternVL3-8B-hf/259a3b64a14623c0ec91a045cb43f7c5af5fa6af/processor_config.json "HTTP/1.1 200 OK"
[2026-04-06 14:06:49,566][httpx][INFO] - HTTP Request: HEAD https://huggingface.co/OpenGVLab/InternVL3-8B-hf/resolve/main/processor_config.json "HTTP/1.1 307 Temporary Redirect"
[2026-04-06 14:06:49,567][httpx][INFO] - HTTP Request: HEAD https://huggingface.co/api/resolve-cache/models/OpenGVLab/InternVL3-8B-hf/259a3b64a14623c0ec91a045cb43f7c5af5fa6af/processor_config.json "HTTP/1.1 200 OK"
[2026-04-06 14:06:49,584][httpx][INFO] - HTTP Request: HEAD https://huggingface.co/api/resolve-cache/models/OpenGVLab/InternVL3-8B-hf/259a3b64a14623c0ec91a045cb43f7c5af5fa6af/processor_config.json "HTTP/1.1 200 OK"
[2026-04-06 14:06:49,589][httpx][INFO] - HTTP Request: HEAD https://huggingface.co/OpenGVLab/InternVL3-8B-hf/resolve/main/processor_config.json "HTTP/1.1 307 Temporary Redirect"
[2026-04-06 14:06:49,607][httpx][INFO] - HTTP Request: HEAD https://huggingface.co/api/resolve-cache/models/OpenGVLab/InternVL3-8B-hf/259a3b64a14623c0ec91a045cb43f7c5af5fa6af/processor_config.json "HTTP/1.1 200 OK"
[2026-04-06 14:06:49,676][httpx][INFO] - HTTP Request: HEAD https://huggingface.co/OpenGVLab/InternVL3-8B-hf/resolve/main/chat_template.json "HTTP/1.1 404 Not Found"
[2026-04-06 14:06:49,680][httpx][INFO] - HTTP Request: HEAD https://huggingface.co/OpenGVLab/InternVL3-8B-hf/resolve/main/chat_template.json "HTTP/1.1 404 Not Found"
[2026-04-06 14:06:49,697][httpx][INFO] - HTTP Request: HEAD https://huggingface.co/OpenGVLab/InternVL3-8B-hf/resolve/main/chat_template.json "HTTP/1.1 404 Not Found"
[2026-04-06 14:06:49,720][httpx][INFO] - HTTP Request: HEAD https://huggingface.co/OpenGVLab/InternVL3-8B-hf/resolve/main/chat_template.json "HTTP/1.1 404 Not Found"
[2026-04-06 14:06:49,800][httpx][INFO] - HTTP Request: HEAD https://huggingface.co/OpenGVLab/InternVL3-8B-hf/resolve/main/chat_template.jinja "HTTP/1.1 307 Temporary Redirect"
[2026-04-06 14:06:49,804][httpx][INFO] - HTTP Request: HEAD https://huggingface.co/OpenGVLab/InternVL3-8B-hf/resolve/main/chat_template.jinja "HTTP/1.1 307 Temporary Redirect"
[2026-04-06 14:06:49,818][httpx][INFO] - HTTP Request: HEAD https://huggingface.co/OpenGVLab/InternVL3-8B-hf/resolve/main/chat_template.jinja "HTTP/1.1 307 Temporary Redirect"
[2026-04-06 14:06:49,819][httpx][INFO] - HTTP Request: HEAD https://huggingface.co/api/resolve-cache/models/OpenGVLab/InternVL3-8B-hf/259a3b64a14623c0ec91a045cb43f7c5af5fa6af/chat_template.jinja "HTTP/1.1 200 OK"
[2026-04-06 14:06:49,823][httpx][INFO] - HTTP Request: HEAD https://huggingface.co/api/resolve-cache/models/OpenGVLab/InternVL3-8B-hf/259a3b64a14623c0ec91a045cb43f7c5af5fa6af/chat_template.jinja "HTTP/1.1 200 OK"
[2026-04-06 14:06:49,836][httpx][INFO] - HTTP Request: HEAD https://huggingface.co/api/resolve-cache/models/OpenGVLab/InternVL3-8B-hf/259a3b64a14623c0ec91a045cb43f7c5af5fa6af/chat_template.jinja "HTTP/1.1 200 OK"
[2026-04-06 14:06:49,841][httpx][INFO] - HTTP Request: HEAD https://huggingface.co/OpenGVLab/InternVL3-8B-hf/resolve/main/chat_template.jinja "HTTP/1.1 307 Temporary Redirect"
[2026-04-06 14:06:49,859][httpx][INFO] - HTTP Request: HEAD https://huggingface.co/api/resolve-cache/models/OpenGVLab/InternVL3-8B-hf/259a3b64a14623c0ec91a045cb43f7c5af5fa6af/chat_template.jinja "HTTP/1.1 200 OK"
[2026-04-06 14:06:49,931][httpx][INFO] - HTTP Request: HEAD https://huggingface.co/OpenGVLab/InternVL3-8B-hf/resolve/main/audio_tokenizer_config.json "HTTP/1.1 404 Not Found"
[2026-04-06 14:06:49,937][httpx][INFO] - HTTP Request: HEAD https://huggingface.co/OpenGVLab/InternVL3-8B-hf/resolve/main/audio_tokenizer_config.json "HTTP/1.1 404 Not Found"
[2026-04-06 14:06:49,952][httpx][INFO] - HTTP Request: HEAD https://huggingface.co/OpenGVLab/InternVL3-8B-hf/resolve/main/audio_tokenizer_config.json "HTTP/1.1 404 Not Found"
[2026-04-06 14:06:49,973][httpx][INFO] - HTTP Request: HEAD https://huggingface.co/OpenGVLab/InternVL3-8B-hf/resolve/main/audio_tokenizer_config.json "HTTP/1.1 404 Not Found"
[2026-04-06 14:06:50,055][httpx][INFO] - HTTP Request: HEAD https://huggingface.co/OpenGVLab/InternVL3-8B-hf/resolve/main/processor_config.json "HTTP/1.1 307 Temporary Redirect"
[2026-04-06 14:06:50,060][httpx][INFO] - HTTP Request: HEAD https://huggingface.co/OpenGVLab/InternVL3-8B-hf/resolve/main/processor_config.json "HTTP/1.1 307 Temporary Redirect"
[2026-04-06 14:06:50,073][httpx][INFO] - HTTP Request: HEAD https://huggingface.co/api/resolve-cache/models/OpenGVLab/InternVL3-8B-hf/259a3b64a14623c0ec91a045cb43f7c5af5fa6af/processor_config.json "HTTP/1.1 200 OK"
[2026-04-06 14:06:50,073][httpx][INFO] - HTTP Request: HEAD https://huggingface.co/OpenGVLab/InternVL3-8B-hf/resolve/main/processor_config.json "HTTP/1.1 307 Temporary Redirect"
[2026-04-06 14:06:50,079][httpx][INFO] - HTTP Request: HEAD https://huggingface.co/api/resolve-cache/models/OpenGVLab/InternVL3-8B-hf/259a3b64a14623c0ec91a045cb43f7c5af5fa6af/processor_config.json "HTTP/1.1 200 OK"
[2026-04-06 14:06:50,091][httpx][INFO] - HTTP Request: HEAD https://huggingface.co/api/resolve-cache/models/OpenGVLab/InternVL3-8B-hf/259a3b64a14623c0ec91a045cb43f7c5af5fa6af/processor_config.json "HTTP/1.1 200 OK"
[2026-04-06 14:06:50,094][httpx][INFO] - HTTP Request: HEAD https://huggingface.co/OpenGVLab/InternVL3-8B-hf/resolve/main/processor_config.json "HTTP/1.1 307 Temporary Redirect"
[2026-04-06 14:06:50,112][httpx][INFO] - HTTP Request: HEAD https://huggingface.co/api/resolve-cache/models/OpenGVLab/InternVL3-8B-hf/259a3b64a14623c0ec91a045cb43f7c5af5fa6af/processor_config.json "HTTP/1.1 200 OK"
[2026-04-06 14:06:50,189][httpx][INFO] - HTTP Request: HEAD https://huggingface.co/OpenGVLab/InternVL3-8B-hf/resolve/main/preprocessor_config.json "HTTP/1.1 307 Temporary Redirect"
[2026-04-06 14:06:50,190][httpx][INFO] - HTTP Request: HEAD https://huggingface.co/OpenGVLab/InternVL3-8B-hf/resolve/main/preprocessor_config.json "HTTP/1.1 307 Temporary Redirect"
[2026-04-06 14:06:50,210][httpx][INFO] - HTTP Request: HEAD https://huggingface.co/api/resolve-cache/models/OpenGVLab/InternVL3-8B-hf/259a3b64a14623c0ec91a045cb43f7c5af5fa6af/preprocessor_config.json "HTTP/1.1 200 OK"
[2026-04-06 14:06:50,211][httpx][INFO] - HTTP Request: HEAD https://huggingface.co/api/resolve-cache/models/OpenGVLab/InternVL3-8B-hf/259a3b64a14623c0ec91a045cb43f7c5af5fa6af/preprocessor_config.json "HTTP/1.1 200 OK"
[2026-04-06 14:06:50,211][httpx][INFO] - HTTP Request: HEAD https://huggingface.co/OpenGVLab/InternVL3-8B-hf/resolve/main/preprocessor_config.json "HTTP/1.1 307 Temporary Redirect"
[2026-04-06 14:06:50,229][httpx][INFO] - HTTP Request: HEAD https://huggingface.co/api/resolve-cache/models/OpenGVLab/InternVL3-8B-hf/259a3b64a14623c0ec91a045cb43f7c5af5fa6af/preprocessor_config.json "HTTP/1.1 200 OK"
[2026-04-06 14:06:50,231][httpx][INFO] - HTTP Request: HEAD https://huggingface.co/OpenGVLab/InternVL3-8B-hf/resolve/main/preprocessor_config.json "HTTP/1.1 307 Temporary Redirect"
[2026-04-06 14:06:50,250][httpx][INFO] - HTTP Request: HEAD https://huggingface.co/api/resolve-cache/models/OpenGVLab/InternVL3-8B-hf/259a3b64a14623c0ec91a045cb43f7c5af5fa6af/preprocessor_config.json "HTTP/1.1 200 OK"
[2026-04-06 14:06:50,345][httpx][INFO] - HTTP Request: HEAD https://huggingface.co/OpenGVLab/InternVL3-8B-hf/resolve/main/processor_config.json "HTTP/1.1 307 Temporary Redirect"
[2026-04-06 14:06:50,348][httpx][INFO] - HTTP Request: HEAD https://huggingface.co/OpenGVLab/InternVL3-8B-hf/resolve/main/processor_config.json "HTTP/1.1 307 Temporary Redirect"
[2026-04-06 14:06:50,351][httpx][INFO] - HTTP Request: HEAD https://huggingface.co/OpenGVLab/InternVL3-8B-hf/resolve/main/processor_config.json "HTTP/1.1 307 Temporary Redirect"
[2026-04-06 14:06:50,363][httpx][INFO] - HTTP Request: HEAD https://huggingface.co/api/resolve-cache/models/OpenGVLab/InternVL3-8B-hf/259a3b64a14623c0ec91a045cb43f7c5af5fa6af/processor_config.json "HTTP/1.1 200 OK"
[2026-04-06 14:06:50,366][httpx][INFO] - HTTP Request: HEAD https://huggingface.co/api/resolve-cache/models/OpenGVLab/InternVL3-8B-hf/259a3b64a14623c0ec91a045cb43f7c5af5fa6af/processor_config.json "HTTP/1.1 200 OK"
[2026-04-06 14:06:50,369][httpx][INFO] - HTTP Request: HEAD https://huggingface.co/OpenGVLab/InternVL3-8B-hf/resolve/main/processor_config.json "HTTP/1.1 307 Temporary Redirect"
[2026-04-06 14:06:50,369][httpx][INFO] - HTTP Request: HEAD https://huggingface.co/api/resolve-cache/models/OpenGVLab/InternVL3-8B-hf/259a3b64a14623c0ec91a045cb43f7c5af5fa6af/processor_config.json "HTTP/1.1 200 OK"
[2026-04-06 14:06:50,386][httpx][INFO] - HTTP Request: HEAD https://huggingface.co/api/resolve-cache/models/OpenGVLab/InternVL3-8B-hf/259a3b64a14623c0ec91a045cb43f7c5af5fa6af/processor_config.json "HTTP/1.1 200 OK"
[2026-04-06 14:06:50,477][httpx][INFO] - HTTP Request: HEAD https://huggingface.co/OpenGVLab/InternVL3-8B-hf/resolve/main/preprocessor_config.json "HTTP/1.1 307 Temporary Redirect"
[2026-04-06 14:06:50,478][httpx][INFO] - HTTP Request: HEAD https://huggingface.co/OpenGVLab/InternVL3-8B-hf/resolve/main/preprocessor_config.json "HTTP/1.1 307 Temporary Redirect"
[2026-04-06 14:06:50,479][httpx][INFO] - HTTP Request: HEAD https://huggingface.co/OpenGVLab/InternVL3-8B-hf/resolve/main/preprocessor_config.json "HTTP/1.1 307 Temporary Redirect"
[2026-04-06 14:06:50,496][httpx][INFO] - HTTP Request: HEAD https://huggingface.co/api/resolve-cache/models/OpenGVLab/InternVL3-8B-hf/259a3b64a14623c0ec91a045cb43f7c5af5fa6af/preprocessor_config.json "HTTP/1.1 200 OK"
[2026-04-06 14:06:50,499][httpx][INFO] - HTTP Request: HEAD https://huggingface.co/api/resolve-cache/models/OpenGVLab/InternVL3-8B-hf/259a3b64a14623c0ec91a045cb43f7c5af5fa6af/preprocessor_config.json "HTTP/1.1 200 OK"
[2026-04-06 14:06:50,500][httpx][INFO] - HTTP Request: HEAD https://huggingface.co/api/resolve-cache/models/OpenGVLab/InternVL3-8B-hf/259a3b64a14623c0ec91a045cb43f7c5af5fa6af/preprocessor_config.json "HTTP/1.1 200 OK"
[2026-04-06 14:06:50,501][httpx][INFO] - HTTP Request: HEAD https://huggingface.co/OpenGVLab/InternVL3-8B-hf/resolve/main/preprocessor_config.json "HTTP/1.1 307 Temporary Redirect"
[2026-04-06 14:06:50,520][httpx][INFO] - HTTP Request: HEAD https://huggingface.co/api/resolve-cache/models/OpenGVLab/InternVL3-8B-hf/259a3b64a14623c0ec91a045cb43f7c5af5fa6af/preprocessor_config.json "HTTP/1.1 200 OK"
[2026-04-06 14:06:50,613][httpx][INFO] - HTTP Request: HEAD https://huggingface.co/OpenGVLab/InternVL3-8B-hf/resolve/main/config.json "HTTP/1.1 307 Temporary Redirect"
[2026-04-06 14:06:50,619][httpx][INFO] - HTTP Request: HEAD https://huggingface.co/OpenGVLab/InternVL3-8B-hf/resolve/main/config.json "HTTP/1.1 307 Temporary Redirect"
[2026-04-06 14:06:50,619][httpx][INFO] - HTTP Request: HEAD https://huggingface.co/OpenGVLab/InternVL3-8B-hf/resolve/main/config.json "HTTP/1.1 307 Temporary Redirect"
[2026-04-06 14:06:50,631][httpx][INFO] - HTTP Request: HEAD https://huggingface.co/api/resolve-cache/models/OpenGVLab/InternVL3-8B-hf/259a3b64a14623c0ec91a045cb43f7c5af5fa6af/config.json "HTTP/1.1 200 OK"
[2026-04-06 14:06:50,635][httpx][INFO] - HTTP Request: HEAD https://huggingface.co/OpenGVLab/InternVL3-8B-hf/resolve/main/config.json "HTTP/1.1 307 Temporary Redirect"
[2026-04-06 14:06:50,637][httpx][INFO] - HTTP Request: HEAD https://huggingface.co/api/resolve-cache/models/OpenGVLab/InternVL3-8B-hf/259a3b64a14623c0ec91a045cb43f7c5af5fa6af/config.json "HTTP/1.1 200 OK"
[2026-04-06 14:06:50,640][httpx][INFO] - HTTP Request: HEAD https://huggingface.co/api/resolve-cache/models/OpenGVLab/InternVL3-8B-hf/259a3b64a14623c0ec91a045cb43f7c5af5fa6af/config.json "HTTP/1.1 200 OK"
[2026-04-06 14:06:50,653][httpx][INFO] - HTTP Request: HEAD https://huggingface.co/api/resolve-cache/models/OpenGVLab/InternVL3-8B-hf/259a3b64a14623c0ec91a045cb43f7c5af5fa6af/config.json "HTTP/1.1 200 OK"
[2026-04-06 14:06:50,783][httpx][INFO] - HTTP Request: HEAD https://huggingface.co/OpenGVLab/InternVL3-8B-hf/resolve/main/tokenizer_config.json "HTTP/1.1 307 Temporary Redirect"
[2026-04-06 14:06:50,785][httpx][INFO] - HTTP Request: HEAD https://huggingface.co/OpenGVLab/InternVL3-8B-hf/resolve/main/tokenizer_config.json "HTTP/1.1 307 Temporary Redirect"
[2026-04-06 14:06:50,786][httpx][INFO] - HTTP Request: HEAD https://huggingface.co/OpenGVLab/InternVL3-8B-hf/resolve/main/tokenizer_config.json "HTTP/1.1 307 Temporary Redirect"
[2026-04-06 14:06:50,787][httpx][INFO] - HTTP Request: HEAD https://huggingface.co/OpenGVLab/InternVL3-8B-hf/resolve/main/tokenizer_config.json "HTTP/1.1 307 Temporary Redirect"
[2026-04-06 14:06:50,802][httpx][INFO] - HTTP Request: HEAD https://huggingface.co/api/resolve-cache/models/OpenGVLab/InternVL3-8B-hf/259a3b64a14623c0ec91a045cb43f7c5af5fa6af/tokenizer_config.json "HTTP/1.1 200 OK"
[2026-04-06 14:06:50,803][httpx][INFO] - HTTP Request: HEAD https://huggingface.co/api/resolve-cache/models/OpenGVLab/InternVL3-8B-hf/259a3b64a14623c0ec91a045cb43f7c5af5fa6af/tokenizer_config.json "HTTP/1.1 200 OK"
[2026-04-06 14:06:50,804][httpx][INFO] - HTTP Request: HEAD https://huggingface.co/api/resolve-cache/models/OpenGVLab/InternVL3-8B-hf/259a3b64a14623c0ec91a045cb43f7c5af5fa6af/tokenizer_config.json "HTTP/1.1 200 OK"
[2026-04-06 14:06:50,806][httpx][INFO] - HTTP Request: HEAD https://huggingface.co/api/resolve-cache/models/OpenGVLab/InternVL3-8B-hf/259a3b64a14623c0ec91a045cb43f7c5af5fa6af/tokenizer_config.json "HTTP/1.1 200 OK"
[2026-04-06 14:06:50,928][httpx][INFO] - HTTP Request: GET https://huggingface.co/api/models/OpenGVLab/InternVL3-8B-hf/tree/main/additional_chat_templates?recursive=false&expand=false "HTTP/1.1 404 Not Found"
[2026-04-06 14:06:50,932][httpx][INFO] - HTTP Request: GET https://huggingface.co/api/models/OpenGVLab/InternVL3-8B-hf/tree/main/additional_chat_templates?recursive=false&expand=false "HTTP/1.1 404 Not Found"
[2026-04-06 14:06:50,932][httpx][INFO] - HTTP Request: GET https://huggingface.co/api/models/OpenGVLab/InternVL3-8B-hf/tree/main/additional_chat_templates?recursive=false&expand=false "HTTP/1.1 404 Not Found"
[2026-04-06 14:06:50,936][httpx][INFO] - HTTP Request: GET https://huggingface.co/api/models/OpenGVLab/InternVL3-8B-hf/tree/main/additional_chat_templates?recursive=false&expand=false "HTTP/1.1 404 Not Found"
[2026-04-06 14:06:51,044][httpx][INFO] - HTTP Request: GET https://huggingface.co/api/models/OpenGVLab/InternVL3-8B-hf/tree/main?recursive=true&expand=false "HTTP/1.1 200 OK"
[2026-04-06 14:06:51,046][httpx][INFO] - HTTP Request: GET https://huggingface.co/api/models/OpenGVLab/InternVL3-8B-hf/tree/main?recursive=true&expand=false "HTTP/1.1 200 OK"
[2026-04-06 14:06:51,046][httpx][INFO] - HTTP Request: GET https://huggingface.co/api/models/OpenGVLab/InternVL3-8B-hf/tree/main?recursive=true&expand=false "HTTP/1.1 200 OK"
[2026-04-06 14:06:51,047][httpx][INFO] - HTTP Request: GET https://huggingface.co/api/models/OpenGVLab/InternVL3-8B-hf/tree/main?recursive=true&expand=false "HTTP/1.1 200 OK"
[2026-04-06 14:06:52,106][httpx][INFO] - HTTP Request: GET https://huggingface.co/api/models/OpenGVLab/InternVL3-8B-hf "HTTP/1.1 200 OK"
[2026-04-06 14:06:52,218][httpx][INFO] - HTTP Request: HEAD https://huggingface.co/OpenGVLab/InternVL3-8B-hf/resolve/main/processor_config.json "HTTP/1.1 307 Temporary Redirect"
[2026-04-06 14:06:52,224][httpx][INFO] - HTTP Request: GET https://huggingface.co/api/models/OpenGVLab/InternVL3-8B-hf "HTTP/1.1 200 OK"
[2026-04-06 14:06:52,230][httpx][INFO] - HTTP Request: GET https://huggingface.co/api/models/OpenGVLab/InternVL3-8B-hf "HTTP/1.1 200 OK"
[2026-04-06 14:06:52,233][httpx][INFO] - HTTP Request: GET https://huggingface.co/api/models/OpenGVLab/InternVL3-8B-hf "HTTP/1.1 200 OK"
[2026-04-06 14:06:52,236][httpx][INFO] - HTTP Request: HEAD https://huggingface.co/api/resolve-cache/models/OpenGVLab/InternVL3-8B-hf/259a3b64a14623c0ec91a045cb43f7c5af5fa6af/processor_config.json "HTTP/1.1 200 OK"
[2026-04-06 14:06:52,338][httpx][INFO] - HTTP Request: HEAD https://huggingface.co/OpenGVLab/InternVL3-8B-hf/resolve/main/processor_config.json "HTTP/1.1 307 Temporary Redirect"
[2026-04-06 14:06:52,346][httpx][INFO] - HTTP Request: HEAD https://huggingface.co/OpenGVLab/InternVL3-8B-hf/resolve/main/processor_config.json "HTTP/1.1 307 Temporary Redirect"
[2026-04-06 14:06:52,347][httpx][INFO] - HTTP Request: HEAD https://huggingface.co/OpenGVLab/InternVL3-8B-hf/resolve/main/processor_config.json "HTTP/1.1 307 Temporary Redirect"
[2026-04-06 14:06:52,352][httpx][INFO] - HTTP Request: HEAD https://huggingface.co/OpenGVLab/InternVL3-8B-hf/resolve/main/video_preprocessor_config.json "HTTP/1.1 404 Not Found"
[2026-04-06 14:06:52,357][httpx][INFO] - HTTP Request: HEAD https://huggingface.co/api/resolve-cache/models/OpenGVLab/InternVL3-8B-hf/259a3b64a14623c0ec91a045cb43f7c5af5fa6af/processor_config.json "HTTP/1.1 200 OK"
[2026-04-06 14:06:52,365][httpx][INFO] - HTTP Request: HEAD https://huggingface.co/api/resolve-cache/models/OpenGVLab/InternVL3-8B-hf/259a3b64a14623c0ec91a045cb43f7c5af5fa6af/processor_config.json "HTTP/1.1 200 OK"
[2026-04-06 14:06:52,365][httpx][INFO] - HTTP Request: HEAD https://huggingface.co/api/resolve-cache/models/OpenGVLab/InternVL3-8B-hf/259a3b64a14623c0ec91a045cb43f7c5af5fa6af/processor_config.json "HTTP/1.1 200 OK"
[2026-04-06 14:06:52,472][httpx][INFO] - HTTP Request: HEAD https://huggingface.co/OpenGVLab/InternVL3-8B-hf/resolve/main/video_preprocessor_config.json "HTTP/1.1 404 Not Found"
[2026-04-06 14:06:52,473][httpx][INFO] - HTTP Request: HEAD https://huggingface.co/OpenGVLab/InternVL3-8B-hf/resolve/main/preprocessor_config.json "HTTP/1.1 307 Temporary Redirect"
[2026-04-06 14:06:52,479][httpx][INFO] - HTTP Request: HEAD https://huggingface.co/OpenGVLab/InternVL3-8B-hf/resolve/main/video_preprocessor_config.json "HTTP/1.1 404 Not Found"
[2026-04-06 14:06:52,485][httpx][INFO] - HTTP Request: HEAD https://huggingface.co/OpenGVLab/InternVL3-8B-hf/resolve/main/video_preprocessor_config.json "HTTP/1.1 404 Not Found"
[2026-04-06 14:06:52,492][httpx][INFO] - HTTP Request: HEAD https://huggingface.co/api/resolve-cache/models/OpenGVLab/InternVL3-8B-hf/259a3b64a14623c0ec91a045cb43f7c5af5fa6af/preprocessor_config.json "HTTP/1.1 200 OK"
[2026-04-06 14:06:52,592][httpx][INFO] - HTTP Request: HEAD https://huggingface.co/OpenGVLab/InternVL3-8B-hf/resolve/main/preprocessor_config.json "HTTP/1.1 307 Temporary Redirect"
[2026-04-06 14:06:52,600][httpx][INFO] - HTTP Request: HEAD https://huggingface.co/OpenGVLab/InternVL3-8B-hf/resolve/main/preprocessor_config.json "HTTP/1.1 307 Temporary Redirect"
[2026-04-06 14:06:52,601][httpx][INFO] - HTTP Request: HEAD https://huggingface.co/OpenGVLab/InternVL3-8B-hf/resolve/main/preprocessor_config.json "HTTP/1.1 307 Temporary Redirect"
[2026-04-06 14:06:52,611][httpx][INFO] - HTTP Request: HEAD https://huggingface.co/OpenGVLab/InternVL3-8B-hf/resolve/main/config.json "HTTP/1.1 307 Temporary Redirect"
[2026-04-06 14:06:52,613][httpx][INFO] - HTTP Request: HEAD https://huggingface.co/api/resolve-cache/models/OpenGVLab/InternVL3-8B-hf/259a3b64a14623c0ec91a045cb43f7c5af5fa6af/preprocessor_config.json "HTTP/1.1 200 OK"
[2026-04-06 14:06:52,618][httpx][INFO] - HTTP Request: HEAD https://huggingface.co/api/resolve-cache/models/OpenGVLab/InternVL3-8B-hf/259a3b64a14623c0ec91a045cb43f7c5af5fa6af/preprocessor_config.json "HTTP/1.1 200 OK"
[2026-04-06 14:06:52,619][httpx][INFO] - HTTP Request: HEAD https://huggingface.co/api/resolve-cache/models/OpenGVLab/InternVL3-8B-hf/259a3b64a14623c0ec91a045cb43f7c5af5fa6af/preprocessor_config.json "HTTP/1.1 200 OK"
[2026-04-06 14:06:52,629][httpx][INFO] - HTTP Request: HEAD https://huggingface.co/api/resolve-cache/models/OpenGVLab/InternVL3-8B-hf/259a3b64a14623c0ec91a045cb43f7c5af5fa6af/config.json "HTTP/1.1 200 OK"
[2026-04-06 14:06:52,727][httpx][INFO] - HTTP Request: HEAD https://huggingface.co/OpenGVLab/InternVL3-8B-hf/resolve/main/config.json "HTTP/1.1 307 Temporary Redirect"
[2026-04-06 14:06:52,731][httpx][INFO] - HTTP Request: HEAD https://huggingface.co/OpenGVLab/InternVL3-8B-hf/resolve/main/config.json "HTTP/1.1 307 Temporary Redirect"
[2026-04-06 14:06:52,737][httpx][INFO] - HTTP Request: HEAD https://huggingface.co/OpenGVLab/InternVL3-8B-hf/resolve/main/config.json "HTTP/1.1 307 Temporary Redirect"
[2026-04-06 14:06:52,746][httpx][INFO] - HTTP Request: HEAD https://huggingface.co/api/resolve-cache/models/OpenGVLab/InternVL3-8B-hf/259a3b64a14623c0ec91a045cb43f7c5af5fa6af/config.json "HTTP/1.1 200 OK"
[2026-04-06 14:06:52,749][httpx][INFO] - HTTP Request: HEAD https://huggingface.co/api/resolve-cache/models/OpenGVLab/InternVL3-8B-hf/259a3b64a14623c0ec91a045cb43f7c5af5fa6af/config.json "HTTP/1.1 200 OK"
[2026-04-06 14:06:52,755][httpx][INFO] - HTTP Request: HEAD https://huggingface.co/OpenGVLab/InternVL3-8B-hf/resolve/main/processor_config.json "HTTP/1.1 307 Temporary Redirect"
[2026-04-06 14:06:52,755][httpx][INFO] - HTTP Request: HEAD https://huggingface.co/api/resolve-cache/models/OpenGVLab/InternVL3-8B-hf/259a3b64a14623c0ec91a045cb43f7c5af5fa6af/config.json "HTTP/1.1 200 OK"
[2026-04-06 14:06:52,774][httpx][INFO] - HTTP Request: HEAD https://huggingface.co/api/resolve-cache/models/OpenGVLab/InternVL3-8B-hf/259a3b64a14623c0ec91a045cb43f7c5af5fa6af/processor_config.json "HTTP/1.1 200 OK"
[2026-04-06 14:06:52,881][httpx][INFO] - HTTP Request: HEAD https://huggingface.co/OpenGVLab/InternVL3-8B-hf/resolve/main/processor_config.json "HTTP/1.1 307 Temporary Redirect"
[2026-04-06 14:06:52,882][httpx][INFO] - HTTP Request: HEAD https://huggingface.co/OpenGVLab/InternVL3-8B-hf/resolve/main/processor_config.json "HTTP/1.1 307 Temporary Redirect"
[2026-04-06 14:06:52,884][httpx][INFO] - HTTP Request: HEAD https://huggingface.co/OpenGVLab/InternVL3-8B-hf/resolve/main/processor_config.json "HTTP/1.1 307 Temporary Redirect"
[2026-04-06 14:06:52,894][httpx][INFO] - HTTP Request: HEAD https://huggingface.co/OpenGVLab/InternVL3-8B-hf/resolve/main/video_preprocessor_config.json "HTTP/1.1 404 Not Found"
[2026-04-06 14:06:52,899][httpx][INFO] - HTTP Request: HEAD https://huggingface.co/api/resolve-cache/models/OpenGVLab/InternVL3-8B-hf/259a3b64a14623c0ec91a045cb43f7c5af5fa6af/processor_config.json "HTTP/1.1 200 OK"
[2026-04-06 14:06:52,901][httpx][INFO] - HTTP Request: HEAD https://huggingface.co/api/resolve-cache/models/OpenGVLab/InternVL3-8B-hf/259a3b64a14623c0ec91a045cb43f7c5af5fa6af/processor_config.json "HTTP/1.1 200 OK"
[2026-04-06 14:06:52,902][httpx][INFO] - HTTP Request: HEAD https://huggingface.co/api/resolve-cache/models/OpenGVLab/InternVL3-8B-hf/259a3b64a14623c0ec91a045cb43f7c5af5fa6af/processor_config.json "HTTP/1.1 200 OK"
[2026-04-06 14:06:53,020][httpx][INFO] - HTTP Request: HEAD https://huggingface.co/OpenGVLab/InternVL3-8B-hf/resolve/main/video_preprocessor_config.json "HTTP/1.1 404 Not Found"
[2026-04-06 14:06:53,023][httpx][INFO] - HTTP Request: HEAD https://huggingface.co/OpenGVLab/InternVL3-8B-hf/resolve/main/video_preprocessor_config.json "HTTP/1.1 404 Not Found"
[2026-04-06 14:06:53,046][httpx][INFO] - HTTP Request: HEAD https://huggingface.co/OpenGVLab/InternVL3-8B-hf/resolve/main/video_preprocessor_config.json "HTTP/1.1 404 Not Found"
[2026-04-06 14:06:53,053][httpx][INFO] - HTTP Request: HEAD https://huggingface.co/OpenGVLab/InternVL3-8B-hf/resolve/main/preprocessor_config.json "HTTP/1.1 307 Temporary Redirect"
[2026-04-06 14:06:53,072][httpx][INFO] - HTTP Request: HEAD https://huggingface.co/api/resolve-cache/models/OpenGVLab/InternVL3-8B-hf/259a3b64a14623c0ec91a045cb43f7c5af5fa6af/preprocessor_config.json "HTTP/1.1 200 OK"
[2026-04-06 14:06:53,138][httpx][INFO] - HTTP Request: HEAD https://huggingface.co/OpenGVLab/InternVL3-8B-hf/resolve/main/preprocessor_config.json "HTTP/1.1 307 Temporary Redirect"
[2026-04-06 14:06:53,147][httpx][INFO] - HTTP Request: HEAD https://huggingface.co/OpenGVLab/InternVL3-8B-hf/resolve/main/preprocessor_config.json "HTTP/1.1 307 Temporary Redirect"
[2026-04-06 14:06:53,157][httpx][INFO] - HTTP Request: HEAD https://huggingface.co/api/resolve-cache/models/OpenGVLab/InternVL3-8B-hf/259a3b64a14623c0ec91a045cb43f7c5af5fa6af/preprocessor_config.json "HTTP/1.1 200 OK"
[2026-04-06 14:06:53,167][httpx][INFO] - HTTP Request: HEAD https://huggingface.co/api/resolve-cache/models/OpenGVLab/InternVL3-8B-hf/259a3b64a14623c0ec91a045cb43f7c5af5fa6af/preprocessor_config.json "HTTP/1.1 200 OK"
[2026-04-06 14:06:53,167][httpx][INFO] - HTTP Request: HEAD https://huggingface.co/OpenGVLab/InternVL3-8B-hf/resolve/main/preprocessor_config.json "HTTP/1.1 307 Temporary Redirect"
[2026-04-06 14:06:53,187][httpx][INFO] - HTTP Request: HEAD https://huggingface.co/api/resolve-cache/models/OpenGVLab/InternVL3-8B-hf/259a3b64a14623c0ec91a045cb43f7c5af5fa6af/preprocessor_config.json "HTTP/1.1 200 OK"
[2026-04-06 14:06:53,275][httpx][INFO] - HTTP Request: HEAD https://huggingface.co/OpenGVLab/InternVL3-8B-hf/resolve/main/config.json "HTTP/1.1 307 Temporary Redirect"
[2026-04-06 14:06:53,290][httpx][INFO] - HTTP Request: HEAD https://huggingface.co/OpenGVLab/InternVL3-8B-hf/resolve/main/config.json "HTTP/1.1 307 Temporary Redirect"
[2026-04-06 14:06:53,293][httpx][INFO] - HTTP Request: HEAD https://huggingface.co/api/resolve-cache/models/OpenGVLab/InternVL3-8B-hf/259a3b64a14623c0ec91a045cb43f7c5af5fa6af/config.json "HTTP/1.1 200 OK"
[2026-04-06 14:06:53,304][httpx][INFO] - HTTP Request: HEAD https://huggingface.co/OpenGVLab/InternVL3-8B-hf/resolve/main/config.json "HTTP/1.1 307 Temporary Redirect"
[2026-04-06 14:06:53,308][httpx][INFO] - HTTP Request: HEAD https://huggingface.co/api/resolve-cache/models/OpenGVLab/InternVL3-8B-hf/259a3b64a14623c0ec91a045cb43f7c5af5fa6af/config.json "HTTP/1.1 200 OK"
[2026-04-06 14:06:53,337][httpx][INFO] - HTTP Request: HEAD https://huggingface.co/api/resolve-cache/models/OpenGVLab/InternVL3-8B-hf/259a3b64a14623c0ec91a045cb43f7c5af5fa6af/config.json "HTTP/1.1 200 OK"
[2026-04-06 14:06:53,406][httpx][INFO] - HTTP Request: HEAD https://huggingface.co/OpenGVLab/InternVL3-8B-hf/resolve/main/config.json "HTTP/1.1 307 Temporary Redirect"
[2026-04-06 14:06:53,424][httpx][INFO] - HTTP Request: HEAD https://huggingface.co/api/resolve-cache/models/OpenGVLab/InternVL3-8B-hf/259a3b64a14623c0ec91a045cb43f7c5af5fa6af/config.json "HTTP/1.1 200 OK"
[2026-04-06 14:06:53,433][httpx][INFO] - HTTP Request: HEAD https://huggingface.co/OpenGVLab/InternVL3-8B-hf/resolve/main/config.json "HTTP/1.1 307 Temporary Redirect"
[2026-04-06 14:06:53,451][httpx][INFO] - HTTP Request: HEAD https://huggingface.co/api/resolve-cache/models/OpenGVLab/InternVL3-8B-hf/259a3b64a14623c0ec91a045cb43f7c5af5fa6af/config.json "HTTP/1.1 200 OK"
[2026-04-06 14:06:53,455][httpx][INFO] - HTTP Request: HEAD https://huggingface.co/OpenGVLab/InternVL3-8B-hf/resolve/main/config.json "HTTP/1.1 307 Temporary Redirect"
[2026-04-06 14:06:53,474][httpx][INFO] - HTTP Request: HEAD https://huggingface.co/api/resolve-cache/models/OpenGVLab/InternVL3-8B-hf/259a3b64a14623c0ec91a045cb43f7c5af5fa6af/config.json "HTTP/1.1 200 OK"
[2026-04-06 14:06:53,554][httpx][INFO] - HTTP Request: HEAD https://huggingface.co/OpenGVLab/InternVL3-8B-hf/resolve/main/model.safetensors "HTTP/1.1 404 Not Found"
[2026-04-06 14:06:53,577][httpx][INFO] - HTTP Request: HEAD https://huggingface.co/OpenGVLab/InternVL3-8B-hf/resolve/main/model.safetensors "HTTP/1.1 404 Not Found"
[2026-04-06 14:06:53,614][httpx][INFO] - HTTP Request: HEAD https://huggingface.co/OpenGVLab/InternVL3-8B-hf/resolve/main/model.safetensors "HTTP/1.1 404 Not Found"
[2026-04-06 14:06:53,681][httpx][INFO] - HTTP Request: HEAD https://huggingface.co/OpenGVLab/InternVL3-8B-hf/resolve/main/model.safetensors.index.json "HTTP/1.1 307 Temporary Redirect"
[2026-04-06 14:06:53,695][httpx][INFO] - HTTP Request: HEAD https://huggingface.co/OpenGVLab/InternVL3-8B-hf/resolve/main/model.safetensors.index.json "HTTP/1.1 307 Temporary Redirect"
[2026-04-06 14:06:53,699][httpx][INFO] - HTTP Request: HEAD https://huggingface.co/api/resolve-cache/models/OpenGVLab/InternVL3-8B-hf/259a3b64a14623c0ec91a045cb43f7c5af5fa6af/model.safetensors.index.json "HTTP/1.1 200 OK"
[2026-04-06 14:06:53,713][httpx][INFO] - HTTP Request: HEAD https://huggingface.co/api/resolve-cache/models/OpenGVLab/InternVL3-8B-hf/259a3b64a14623c0ec91a045cb43f7c5af5fa6af/model.safetensors.index.json "HTTP/1.1 200 OK"
[2026-04-06 14:06:53,734][httpx][INFO] - HTTP Request: HEAD https://huggingface.co/OpenGVLab/InternVL3-8B-hf/resolve/main/model.safetensors.index.json "HTTP/1.1 307 Temporary Redirect"
[2026-04-06 14:06:53,752][httpx][INFO] - HTTP Request: HEAD https://huggingface.co/api/resolve-cache/models/OpenGVLab/InternVL3-8B-hf/259a3b64a14623c0ec91a045cb43f7c5af5fa6af/model.safetensors.index.json "HTTP/1.1 200 OK"
[2026-04-06 14:06:53,839][httpx][INFO] - HTTP Request: GET https://huggingface.co/api/models/OpenGVLab/InternVL3-8B-hf/revision/main "HTTP/1.1 200 OK"
[2026-04-06 14:06:53,841][httpx][INFO] - HTTP Request: GET https://huggingface.co/api/models/OpenGVLab/InternVL3-8B-hf/revision/main "HTTP/1.1 200 OK"
[2026-04-06 14:06:53,869][httpx][INFO] - HTTP Request: GET https://huggingface.co/api/models/OpenGVLab/InternVL3-8B-hf/revision/main "HTTP/1.1 200 OK"
[2026-04-06 14:06:57,082][root][INFO] - x86_64-linux-gnu-gcc -fno-strict-overflow -Wsign-compare -DNDEBUG -g -O2 -Wall -fPIC -c /tmp/tmpmoz3eqge/test.c -o /tmp/tmpmoz3eqge/test.o
[2026-04-06 14:06:57,151][root][INFO] - x86_64-linux-gnu-gcc /tmp/tmpmoz3eqge/test.o -laio -o /tmp/tmpmoz3eqge/a.out
[2026-04-06 14:06:57,212][root][INFO] - x86_64-linux-gnu-gcc -fno-strict-overflow -Wsign-compare -DNDEBUG -g -O2 -Wall -fPIC -c /tmp/tmp8qssp0lk/test.c -o /tmp/tmp8qssp0lk/test.o
[2026-04-06 14:06:57,267][root][INFO] - x86_64-linux-gnu-gcc /tmp/tmp8qssp0lk/test.o -L/usr/local/cuda -L/usr/local/cuda/lib64 -lcufile -o /tmp/tmp8qssp0lk/a.out
[2026-04-06 14:06:57,344][root][INFO] - x86_64-linux-gnu-gcc -fno-strict-overflow -Wsign-compare -DNDEBUG -g -O2 -Wall -fPIC -c /tmp/tmpz_1cehdr/test.c -o /tmp/tmpz_1cehdr/test.o
[2026-04-06 14:06:57,399][root][INFO] - x86_64-linux-gnu-gcc /tmp/tmpz_1cehdr/test.o -laio -o /tmp/tmpz_1cehdr/a.out
[2026-04-06 14:07:01,086][httpx][INFO] - HTTP Request: HEAD https://huggingface.co/OpenGVLab/InternVL3-8B-hf/resolve/main/config.json "HTTP/1.1 307 Temporary Redirect"
[2026-04-06 14:07:01,104][httpx][INFO] - HTTP Request: HEAD https://huggingface.co/api/resolve-cache/models/OpenGVLab/InternVL3-8B-hf/259a3b64a14623c0ec91a045cb43f7c5af5fa6af/config.json "HTTP/1.1 200 OK"
[2026-04-06 14:07:01,227][httpx][INFO] - HTTP Request: HEAD https://huggingface.co/OpenGVLab/InternVL3-8B-hf/resolve/main/config.json "HTTP/1.1 307 Temporary Redirect"
[2026-04-06 14:07:01,247][httpx][INFO] - HTTP Request: HEAD https://huggingface.co/api/resolve-cache/models/OpenGVLab/InternVL3-8B-hf/259a3b64a14623c0ec91a045cb43f7c5af5fa6af/config.json "HTTP/1.1 200 OK"
[2026-04-06 14:07:01,369][httpx][INFO] - HTTP Request: HEAD https://huggingface.co/OpenGVLab/InternVL3-8B-hf/resolve/main/model.safetensors "HTTP/1.1 404 Not Found"
[2026-04-06 14:07:01,507][httpx][INFO] - HTTP Request: HEAD https://huggingface.co/OpenGVLab/InternVL3-8B-hf/resolve/main/model.safetensors.index.json "HTTP/1.1 307 Temporary Redirect"
[2026-04-06 14:07:01,525][httpx][INFO] - HTTP Request: HEAD https://huggingface.co/api/resolve-cache/models/OpenGVLab/InternVL3-8B-hf/259a3b64a14623c0ec91a045cb43f7c5af5fa6af/model.safetensors.index.json "HTTP/1.1 200 OK"
[2026-04-06 14:07:01,643][httpx][INFO] - HTTP Request: GET https://huggingface.co/api/models/OpenGVLab/InternVL3-8B-hf/revision/main "HTTP/1.1 200 OK"
[2026-04-06 14:07:02,746][httpx][INFO] - HTTP Request: HEAD https://huggingface.co/OpenGVLab/InternVL3-8B-hf/resolve/main/generation_config.json "HTTP/1.1 307 Temporary Redirect"
[2026-04-06 14:07:02,781][httpx][INFO] - HTTP Request: HEAD https://huggingface.co/api/resolve-cache/models/OpenGVLab/InternVL3-8B-hf/259a3b64a14623c0ec91a045cb43f7c5af5fa6af/generation_config.json "HTTP/1.1 200 OK"
[2026-04-06 14:07:02,793][httpx][INFO] - HTTP Request: HEAD https://huggingface.co/OpenGVLab/InternVL3-8B-hf/resolve/main/generation_config.json "HTTP/1.1 307 Temporary Redirect"
[2026-04-06 14:07:02,796][httpx][INFO] - HTTP Request: HEAD https://huggingface.co/OpenGVLab/InternVL3-8B-hf/resolve/main/generation_config.json "HTTP/1.1 307 Temporary Redirect"
[2026-04-06 14:07:02,806][httpx][INFO] - HTTP Request: HEAD https://huggingface.co/OpenGVLab/InternVL3-8B-hf/resolve/main/generation_config.json "HTTP/1.1 307 Temporary Redirect"
[2026-04-06 14:07:02,811][httpx][INFO] - HTTP Request: HEAD https://huggingface.co/api/resolve-cache/models/OpenGVLab/InternVL3-8B-hf/259a3b64a14623c0ec91a045cb43f7c5af5fa6af/generation_config.json "HTTP/1.1 200 OK"
[2026-04-06 14:07:02,815][httpx][INFO] - HTTP Request: HEAD https://huggingface.co/api/resolve-cache/models/OpenGVLab/InternVL3-8B-hf/259a3b64a14623c0ec91a045cb43f7c5af5fa6af/generation_config.json "HTTP/1.1 200 OK"
[2026-04-06 14:07:02,826][httpx][INFO] - HTTP Request: HEAD https://huggingface.co/api/resolve-cache/models/OpenGVLab/InternVL3-8B-hf/259a3b64a14623c0ec91a045cb43f7c5af5fa6af/generation_config.json "HTTP/1.1 200 OK"
[2026-04-06 14:07:05,488][root][INFO] - x86_64-linux-gnu-gcc -fno-strict-overflow -Wsign-compare -DNDEBUG -g -O2 -Wall -fPIC -c /tmp/tmpnsyq9ikk/test.c -o /tmp/tmpnsyq9ikk/test.o
[2026-04-06 14:07:05,514][root][INFO] - x86_64-linux-gnu-gcc -fno-strict-overflow -Wsign-compare -DNDEBUG -g -O2 -Wall -fPIC -c /tmp/tmplua9a0rq/test.c -o /tmp/tmplua9a0rq/test.o
[2026-04-06 14:07:05,536][root][INFO] - x86_64-linux-gnu-gcc -fno-strict-overflow -Wsign-compare -DNDEBUG -g -O2 -Wall -fPIC -c /tmp/tmpol4cpow2/test.c -o /tmp/tmpol4cpow2/test.o
[2026-04-06 14:07:05,607][root][INFO] - x86_64-linux-gnu-gcc /tmp/tmpnsyq9ikk/test.o -laio -o /tmp/tmpnsyq9ikk/a.out
[2026-04-06 14:07:05,703][root][INFO] - x86_64-linux-gnu-gcc /tmp/tmplua9a0rq/test.o -laio -o /tmp/tmplua9a0rq/a.out
[2026-04-06 14:07:05,704][root][INFO] - x86_64-linux-gnu-gcc /tmp/tmpol4cpow2/test.o -laio -o /tmp/tmpol4cpow2/a.out
[2026-04-06 14:07:05,834][root][INFO] - x86_64-linux-gnu-gcc -fno-strict-overflow -Wsign-compare -DNDEBUG -g -O2 -Wall -fPIC -c /tmp/tmpvgo4m13g/test.c -o /tmp/tmpvgo4m13g/test.o
[2026-04-06 14:07:05,913][root][INFO] - x86_64-linux-gnu-gcc -fno-strict-overflow -Wsign-compare -DNDEBUG -g -O2 -Wall -fPIC -c /tmp/tmpyrfpfc4a/test.c -o /tmp/tmpyrfpfc4a/test.o
[2026-04-06 14:07:05,913][root][INFO] - x86_64-linux-gnu-gcc -fno-strict-overflow -Wsign-compare -DNDEBUG -g -O2 -Wall -fPIC -c /tmp/tmp3t0i6aje/test.c -o /tmp/tmp3t0i6aje/test.o
[2026-04-06 14:07:05,927][root][INFO] - x86_64-linux-gnu-gcc /tmp/tmpvgo4m13g/test.o -L/usr/local/cuda -L/usr/local/cuda/lib64 -lcufile -o /tmp/tmpvgo4m13g/a.out
[2026-04-06 14:07:06,030][root][INFO] - x86_64-linux-gnu-gcc /tmp/tmpyrfpfc4a/test.o -L/usr/local/cuda -L/usr/local/cuda/lib64 -lcufile -o /tmp/tmpyrfpfc4a/a.out
[2026-04-06 14:07:06,074][root][INFO] - x86_64-linux-gnu-gcc /tmp/tmp3t0i6aje/test.o -L/usr/local/cuda -L/usr/local/cuda/lib64 -lcufile -o /tmp/tmp3t0i6aje/a.out
[2026-04-06 14:07:06,105][root][INFO] - x86_64-linux-gnu-gcc -fno-strict-overflow -Wsign-compare -DNDEBUG -g -O2 -Wall -fPIC -c /tmp/tmp33u19hzo/test.c -o /tmp/tmp33u19hzo/test.o
[2026-04-06 14:07:06,114][root][INFO] - x86_64-linux-gnu-gcc -fno-strict-overflow -Wsign-compare -DNDEBUG -g -O2 -Wall -fPIC -c /tmp/tmpu6hqv9yh/test.c -o /tmp/tmpu6hqv9yh/test.o
[2026-04-06 14:07:06,132][root][INFO] - x86_64-linux-gnu-gcc -fno-strict-overflow -Wsign-compare -DNDEBUG -g -O2 -Wall -fPIC -c /tmp/tmp46r7ail3/test.c -o /tmp/tmp46r7ail3/test.o
[2026-04-06 14:07:06,176][root][INFO] - x86_64-linux-gnu-gcc /tmp/tmp33u19hzo/test.o -laio -o /tmp/tmp33u19hzo/a.out
[2026-04-06 14:07:06,200][root][INFO] - x86_64-linux-gnu-gcc /tmp/tmp46r7ail3/test.o -laio -o /tmp/tmp46r7ail3/a.out
[2026-04-06 14:07:06,200][root][INFO] - x86_64-linux-gnu-gcc /tmp/tmpu6hqv9yh/test.o -laio -o /tmp/tmpu6hqv9yh/a.out
[2026-04-06 14:13:06,543][root][WARNING] - [nan_debug step=0] n_valid_labels=240 shift_logits range=[-30.3750, 44.0000]
[2026-04-06 14:13:06,545][root][WARNING] - [nan_debug step=0] n_valid_labels=240 shift_logits range=[-30.5000, 42.0000]
[2026-04-06 14:13:06,547][root][WARNING] - [nan_debug step=0] n_valid_labels=240 shift_logits range=[-31.5000, 41.0000]
[2026-04-06 14:13:06,552][root][WARNING] - [nan_debug step=0] n_valid_labels=240 shift_logits range=[-30.7500, 39.7500]
[2026-04-06 14:13:14,939][root][WARNING] - [nan_debug step=1] n_valid_labels=240 shift_logits range=[-31.6250, 44.0000]
[2026-04-06 14:13:14,942][root][WARNING] - [nan_debug step=1] n_valid_labels=240 shift_logits range=[-30.6250, 41.7500]
[2026-04-06 14:13:14,985][root][WARNING] - [nan_debug step=1] n_valid_labels=240 shift_logits range=[-32.5000, 39.7500]
[2026-04-06 14:13:15,208][root][WARNING] - [nan_debug step=1] n_valid_labels=240 shift_logits range=[-28.2500, 38.5000]
[2026-04-06 14:13:21,890][root][WARNING] - [nan_debug step=2] n_valid_labels=240 shift_logits range=[-30.0000, 38.2500]
[2026-04-06 14:13:21,894][root][WARNING] - [nan_debug step=2] n_valid_labels=240 shift_logits range=[-29.0000, 42.0000]
[2026-04-06 14:13:22,034][root][WARNING] - [nan_debug step=2] n_valid_labels=240 shift_logits range=[-28.6250, 40.7500]
[2026-04-06 14:13:22,166][root][WARNING] - [nan_debug step=2] n_valid_labels=240 shift_logits range=[-30.2500, 40.5000]
[2026-04-06 14:13:27,905][root][WARNING] - [nan_debug step=3] n_valid_labels=240 shift_logits range=[-37.5000, 39.5000]
[2026-04-06 14:13:27,907][root][WARNING] - [nan_debug step=3] n_valid_labels=240 shift_logits range=[-32.2500, 38.7500]
[2026-04-06 14:13:28,057][root][WARNING] - [nan_debug step=3] n_valid_labels=240 shift_logits range=[-27.2500, 38.7500]
[2026-04-06 14:13:28,062][root][WARNING] - [nan_debug step=3] n_valid_labels=240 shift_logits range=[-30.8750, 37.5000]
[2026-04-06 14:13:33,281][root][WARNING] - [nan_debug step=4] n_valid_labels=240 shift_logits range=[-29.5000, 45.0000]
[2026-04-06 14:13:33,314][root][WARNING] - [nan_debug step=4] n_valid_labels=240 shift_logits range=[-33.0000, 40.5000]
[2026-04-06 14:13:33,320][root][WARNING] - [nan_debug step=4] n_valid_labels=240 shift_logits range=[-30.8750, 40.0000]
[2026-04-06 14:13:33,378][root][WARNING] - [nan_debug step=4] n_valid_labels=240 shift_logits range=[-29.3750, 40.2500]
[2026-04-06 15:36:17,877][httpx][INFO] - HTTP Request: HEAD https://huggingface.co/OpenGVLab/InternVL3-8B-hf/resolve/main/processor_config.json "HTTP/1.1 307 Temporary Redirect"
[2026-04-06 15:36:17,879][httpx][INFO] - HTTP Request: HEAD https://huggingface.co/OpenGVLab/InternVL3-8B-hf/resolve/main/processor_config.json "HTTP/1.1 307 Temporary Redirect"
[2026-04-06 15:36:17,896][httpx][INFO] - HTTP Request: HEAD https://huggingface.co/OpenGVLab/InternVL3-8B-hf/resolve/main/processor_config.json "HTTP/1.1 307 Temporary Redirect"
[2026-04-06 15:36:17,897][httpx][INFO] - HTTP Request: HEAD https://huggingface.co/api/resolve-cache/models/OpenGVLab/InternVL3-8B-hf/259a3b64a14623c0ec91a045cb43f7c5af5fa6af/processor_config.json "HTTP/1.1 200 OK"
[2026-04-06 15:36:17,897][httpx][INFO] - HTTP Request: HEAD https://huggingface.co/api/resolve-cache/models/OpenGVLab/InternVL3-8B-hf/259a3b64a14623c0ec91a045cb43f7c5af5fa6af/processor_config.json "HTTP/1.1 200 OK"
[2026-04-06 15:36:17,903][httpx][INFO] - HTTP Request: HEAD https://huggingface.co/OpenGVLab/InternVL3-8B-hf/resolve/main/processor_config.json "HTTP/1.1 307 Temporary Redirect"
[2026-04-06 15:36:17,915][httpx][INFO] - HTTP Request: HEAD https://huggingface.co/api/resolve-cache/models/OpenGVLab/InternVL3-8B-hf/259a3b64a14623c0ec91a045cb43f7c5af5fa6af/processor_config.json "HTTP/1.1 200 OK"
[2026-04-06 15:36:17,923][httpx][INFO] - HTTP Request: HEAD https://huggingface.co/api/resolve-cache/models/OpenGVLab/InternVL3-8B-hf/259a3b64a14623c0ec91a045cb43f7c5af5fa6af/processor_config.json "HTTP/1.1 200 OK"
[2026-04-06 15:36:18,080][httpx][INFO] - HTTP Request: GET https://huggingface.co/api/models/OpenGVLab/InternVL3-8B-hf/tree/main/additional_chat_templates?recursive=false&expand=false "HTTP/1.1 404 Not Found"
[2026-04-06 15:36:18,082][httpx][INFO] - HTTP Request: GET https://huggingface.co/api/models/OpenGVLab/InternVL3-8B-hf/tree/main/additional_chat_templates?recursive=false&expand=false "HTTP/1.1 404 Not Found"
[2026-04-06 15:36:18,087][httpx][INFO] - HTTP Request: GET https://huggingface.co/api/models/OpenGVLab/InternVL3-8B-hf/tree/main/additional_chat_templates?recursive=false&expand=false "HTTP/1.1 404 Not Found"
[2026-04-06 15:36:18,152][httpx][INFO] - HTTP Request: GET https://huggingface.co/api/models/OpenGVLab/InternVL3-8B-hf/tree/main/additional_chat_templates?recursive=false&expand=false "HTTP/1.1 404 Not Found"
[2026-04-06 15:36:18,199][httpx][INFO] - HTTP Request: HEAD https://huggingface.co/OpenGVLab/InternVL3-8B-hf/resolve/main/processor_config.json "HTTP/1.1 307 Temporary Redirect"
[2026-04-06 15:36:18,218][httpx][INFO] - HTTP Request: HEAD https://huggingface.co/api/resolve-cache/models/OpenGVLab/InternVL3-8B-hf/259a3b64a14623c0ec91a045cb43f7c5af5fa6af/processor_config.json "HTTP/1.1 200 OK"
[2026-04-06 15:36:18,267][httpx][INFO] - HTTP Request: HEAD https://huggingface.co/OpenGVLab/InternVL3-8B-hf/resolve/main/processor_config.json "HTTP/1.1 307 Temporary Redirect"
[2026-04-06 15:36:18,286][httpx][INFO] - HTTP Request: HEAD https://huggingface.co/api/resolve-cache/models/OpenGVLab/InternVL3-8B-hf/259a3b64a14623c0ec91a045cb43f7c5af5fa6af/processor_config.json "HTTP/1.1 200 OK"
[2026-04-06 15:36:18,333][httpx][INFO] - HTTP Request: HEAD https://huggingface.co/OpenGVLab/InternVL3-8B-hf/resolve/main/chat_template.json "HTTP/1.1 404 Not Found"
[2026-04-06 15:36:18,347][httpx][INFO] - HTTP Request: HEAD https://huggingface.co/OpenGVLab/InternVL3-8B-hf/resolve/main/processor_config.json "HTTP/1.1 307 Temporary Redirect"
[2026-04-06 15:36:18,353][httpx][INFO] - HTTP Request: HEAD https://huggingface.co/OpenGVLab/InternVL3-8B-hf/resolve/main/processor_config.json "HTTP/1.1 307 Temporary Redirect"
[2026-04-06 15:36:18,366][httpx][INFO] - HTTP Request: HEAD https://huggingface.co/api/resolve-cache/models/OpenGVLab/InternVL3-8B-hf/259a3b64a14623c0ec91a045cb43f7c5af5fa6af/processor_config.json "HTTP/1.1 200 OK"
[2026-04-06 15:36:18,375][httpx][INFO] - HTTP Request: HEAD https://huggingface.co/api/resolve-cache/models/OpenGVLab/InternVL3-8B-hf/259a3b64a14623c0ec91a045cb43f7c5af5fa6af/processor_config.json "HTTP/1.1 200 OK"
[2026-04-06 15:36:18,404][httpx][INFO] - HTTP Request: HEAD https://huggingface.co/OpenGVLab/InternVL3-8B-hf/resolve/main/chat_template.json "HTTP/1.1 404 Not Found"
[2026-04-06 15:36:18,473][httpx][INFO] - HTTP Request: HEAD https://huggingface.co/OpenGVLab/InternVL3-8B-hf/resolve/main/chat_template.jinja "HTTP/1.1 307 Temporary Redirect"
[2026-04-06 15:36:18,481][httpx][INFO] - HTTP Request: HEAD https://huggingface.co/OpenGVLab/InternVL3-8B-hf/resolve/main/chat_template.json "HTTP/1.1 404 Not Found"
[2026-04-06 15:36:18,490][httpx][INFO] - HTTP Request: HEAD https://huggingface.co/OpenGVLab/InternVL3-8B-hf/resolve/main/chat_template.json "HTTP/1.1 404 Not Found"
[2026-04-06 15:36:18,493][httpx][INFO] - HTTP Request: HEAD https://huggingface.co/api/resolve-cache/models/OpenGVLab/InternVL3-8B-hf/259a3b64a14623c0ec91a045cb43f7c5af5fa6af/chat_template.jinja "HTTP/1.1 200 OK"
[2026-04-06 15:36:18,531][httpx][INFO] - HTTP Request: HEAD https://huggingface.co/OpenGVLab/InternVL3-8B-hf/resolve/main/chat_template.jinja "HTTP/1.1 307 Temporary Redirect"
[2026-04-06 15:36:18,549][httpx][INFO] - HTTP Request: HEAD https://huggingface.co/api/resolve-cache/models/OpenGVLab/InternVL3-8B-hf/259a3b64a14623c0ec91a045cb43f7c5af5fa6af/chat_template.jinja "HTTP/1.1 200 OK"
[2026-04-06 15:36:18,605][httpx][INFO] - HTTP Request: HEAD https://huggingface.co/OpenGVLab/InternVL3-8B-hf/resolve/main/chat_template.jinja "HTTP/1.1 307 Temporary Redirect"
[2026-04-06 15:36:18,610][httpx][INFO] - HTTP Request: HEAD https://huggingface.co/OpenGVLab/InternVL3-8B-hf/resolve/main/audio_tokenizer_config.json "HTTP/1.1 404 Not Found"
[2026-04-06 15:36:18,612][httpx][INFO] - HTTP Request: HEAD https://huggingface.co/OpenGVLab/InternVL3-8B-hf/resolve/main/chat_template.jinja "HTTP/1.1 307 Temporary Redirect"
[2026-04-06 15:36:18,624][httpx][INFO] - HTTP Request: HEAD https://huggingface.co/api/resolve-cache/models/OpenGVLab/InternVL3-8B-hf/259a3b64a14623c0ec91a045cb43f7c5af5fa6af/chat_template.jinja "HTTP/1.1 200 OK"
[2026-04-06 15:36:18,633][httpx][INFO] - HTTP Request: HEAD https://huggingface.co/api/resolve-cache/models/OpenGVLab/InternVL3-8B-hf/259a3b64a14623c0ec91a045cb43f7c5af5fa6af/chat_template.jinja "HTTP/1.1 200 OK"
[2026-04-06 15:36:18,673][httpx][INFO] - HTTP Request: HEAD https://huggingface.co/OpenGVLab/InternVL3-8B-hf/resolve/main/audio_tokenizer_config.json "HTTP/1.1 404 Not Found"
[2026-04-06 15:36:18,744][httpx][INFO] - HTTP Request: HEAD https://huggingface.co/OpenGVLab/InternVL3-8B-hf/resolve/main/audio_tokenizer_config.json "HTTP/1.1 404 Not Found"
[2026-04-06 15:36:18,746][httpx][INFO] - HTTP Request: HEAD https://huggingface.co/OpenGVLab/InternVL3-8B-hf/resolve/main/audio_tokenizer_config.json "HTTP/1.1 404 Not Found"
[2026-04-06 15:36:18,757][httpx][INFO] - HTTP Request: GET https://huggingface.co/api/models/OpenGVLab/InternVL3-8B-hf/tree/main/additional_chat_templates?recursive=false&expand=false "HTTP/1.1 404 Not Found"
[2026-04-06 15:36:18,801][httpx][INFO] - HTTP Request: GET https://huggingface.co/api/models/OpenGVLab/InternVL3-8B-hf/tree/main/additional_chat_templates?recursive=false&expand=false "HTTP/1.1 404 Not Found"
[2026-04-06 15:36:18,868][httpx][INFO] - HTTP Request: HEAD https://huggingface.co/OpenGVLab/InternVL3-8B-hf/resolve/main/processor_config.json "HTTP/1.1 307 Temporary Redirect"
[2026-04-06 15:36:18,871][httpx][INFO] - HTTP Request: GET https://huggingface.co/api/models/OpenGVLab/InternVL3-8B-hf/tree/main/additional_chat_templates?recursive=false&expand=false "HTTP/1.1 404 Not Found"
[2026-04-06 15:36:18,880][httpx][INFO] - HTTP Request: GET https://huggingface.co/api/models/OpenGVLab/InternVL3-8B-hf/tree/main/additional_chat_templates?recursive=false&expand=false "HTTP/1.1 404 Not Found"
[2026-04-06 15:36:18,886][httpx][INFO] - HTTP Request: HEAD https://huggingface.co/api/resolve-cache/models/OpenGVLab/InternVL3-8B-hf/259a3b64a14623c0ec91a045cb43f7c5af5fa6af/processor_config.json "HTTP/1.1 200 OK"
[2026-04-06 15:36:18,914][httpx][INFO] - HTTP Request: HEAD https://huggingface.co/OpenGVLab/InternVL3-8B-hf/resolve/main/processor_config.json "HTTP/1.1 307 Temporary Redirect"
[2026-04-06 15:36:18,933][httpx][INFO] - HTTP Request: HEAD https://huggingface.co/api/resolve-cache/models/OpenGVLab/InternVL3-8B-hf/259a3b64a14623c0ec91a045cb43f7c5af5fa6af/processor_config.json "HTTP/1.1 200 OK"
[2026-04-06 15:36:18,992][httpx][INFO] - HTTP Request: HEAD https://huggingface.co/OpenGVLab/InternVL3-8B-hf/resolve/main/processor_config.json "HTTP/1.1 307 Temporary Redirect"
[2026-04-06 15:36:18,994][httpx][INFO] - HTTP Request: HEAD https://huggingface.co/OpenGVLab/InternVL3-8B-hf/resolve/main/processor_config.json "HTTP/1.1 307 Temporary Redirect"
[2026-04-06 15:36:19,002][httpx][INFO] - HTTP Request: HEAD https://huggingface.co/OpenGVLab/InternVL3-8B-hf/resolve/main/chat_template.json "HTTP/1.1 404 Not Found"
[2026-04-06 15:36:19,010][httpx][INFO] - HTTP Request: HEAD https://huggingface.co/api/resolve-cache/models/OpenGVLab/InternVL3-8B-hf/259a3b64a14623c0ec91a045cb43f7c5af5fa6af/processor_config.json "HTTP/1.1 200 OK"
[2026-04-06 15:36:19,011][httpx][INFO] - HTTP Request: HEAD https://huggingface.co/api/resolve-cache/models/OpenGVLab/InternVL3-8B-hf/259a3b64a14623c0ec91a045cb43f7c5af5fa6af/processor_config.json "HTTP/1.1 200 OK"
[2026-04-06 15:36:19,052][httpx][INFO] - HTTP Request: HEAD https://huggingface.co/OpenGVLab/InternVL3-8B-hf/resolve/main/chat_template.json "HTTP/1.1 404 Not Found"
[2026-04-06 15:36:19,125][httpx][INFO] - HTTP Request: HEAD https://huggingface.co/OpenGVLab/InternVL3-8B-hf/resolve/main/chat_template.json "HTTP/1.1 404 Not Found"
[2026-04-06 15:36:19,125][httpx][INFO] - HTTP Request: HEAD https://huggingface.co/OpenGVLab/InternVL3-8B-hf/resolve/main/chat_template.json "HTTP/1.1 404 Not Found"
[2026-04-06 15:36:19,165][httpx][INFO] - HTTP Request: HEAD https://huggingface.co/OpenGVLab/InternVL3-8B-hf/resolve/main/chat_template.jinja "HTTP/1.1 307 Temporary Redirect"
[2026-04-06 15:36:19,183][httpx][INFO] - HTTP Request: HEAD https://huggingface.co/OpenGVLab/InternVL3-8B-hf/resolve/main/chat_template.jinja "HTTP/1.1 307 Temporary Redirect"
[2026-04-06 15:36:19,184][httpx][INFO] - HTTP Request: HEAD https://huggingface.co/api/resolve-cache/models/OpenGVLab/InternVL3-8B-hf/259a3b64a14623c0ec91a045cb43f7c5af5fa6af/chat_template.jinja "HTTP/1.1 200 OK"
[2026-04-06 15:36:19,202][httpx][INFO] - HTTP Request: HEAD https://huggingface.co/api/resolve-cache/models/OpenGVLab/InternVL3-8B-hf/259a3b64a14623c0ec91a045cb43f7c5af5fa6af/chat_template.jinja "HTTP/1.1 200 OK"
[2026-04-06 15:36:19,245][httpx][INFO] - HTTP Request: HEAD https://huggingface.co/OpenGVLab/InternVL3-8B-hf/resolve/main/chat_template.jinja "HTTP/1.1 307 Temporary Redirect"
[2026-04-06 15:36:19,254][httpx][INFO] - HTTP Request: HEAD https://huggingface.co/OpenGVLab/InternVL3-8B-hf/resolve/main/chat_template.jinja "HTTP/1.1 307 Temporary Redirect"
[2026-04-06 15:36:19,264][httpx][INFO] - HTTP Request: HEAD https://huggingface.co/api/resolve-cache/models/OpenGVLab/InternVL3-8B-hf/259a3b64a14623c0ec91a045cb43f7c5af5fa6af/chat_template.jinja "HTTP/1.1 200 OK"
[2026-04-06 15:36:19,274][httpx][INFO] - HTTP Request: HEAD https://huggingface.co/api/resolve-cache/models/OpenGVLab/InternVL3-8B-hf/259a3b64a14623c0ec91a045cb43f7c5af5fa6af/chat_template.jinja "HTTP/1.1 200 OK"
[2026-04-06 15:36:19,298][httpx][INFO] - HTTP Request: HEAD https://huggingface.co/OpenGVLab/InternVL3-8B-hf/resolve/main/audio_tokenizer_config.json "HTTP/1.1 404 Not Found"
[2026-04-06 15:36:19,317][httpx][INFO] - HTTP Request: HEAD https://huggingface.co/OpenGVLab/InternVL3-8B-hf/resolve/main/audio_tokenizer_config.json "HTTP/1.1 404 Not Found"
[2026-04-06 15:36:19,382][httpx][INFO] - HTTP Request: HEAD https://huggingface.co/OpenGVLab/InternVL3-8B-hf/resolve/main/audio_tokenizer_config.json "HTTP/1.1 404 Not Found"
[2026-04-06 15:36:19,522][httpx][INFO] - HTTP Request: HEAD https://huggingface.co/OpenGVLab/InternVL3-8B-hf/resolve/main/processor_config.json "HTTP/1.1 307 Temporary Redirect"
[2026-04-06 15:36:19,543][httpx][INFO] - HTTP Request: HEAD https://huggingface.co/api/resolve-cache/models/OpenGVLab/InternVL3-8B-hf/259a3b64a14623c0ec91a045cb43f7c5af5fa6af/processor_config.json "HTTP/1.1 200 OK"
[2026-04-06 15:36:19,546][httpx][INFO] - HTTP Request: HEAD https://huggingface.co/OpenGVLab/InternVL3-8B-hf/resolve/main/audio_tokenizer_config.json "HTTP/1.1 404 Not Found"
[2026-04-06 15:36:19,582][httpx][INFO] - HTTP Request: HEAD https://huggingface.co/OpenGVLab/InternVL3-8B-hf/resolve/main/processor_config.json "HTTP/1.1 307 Temporary Redirect"
[2026-04-06 15:36:19,587][httpx][INFO] - HTTP Request: HEAD https://huggingface.co/OpenGVLab/InternVL3-8B-hf/resolve/main/processor_config.json "HTTP/1.1 307 Temporary Redirect"
[2026-04-06 15:36:19,600][httpx][INFO] - HTTP Request: HEAD https://huggingface.co/api/resolve-cache/models/OpenGVLab/InternVL3-8B-hf/259a3b64a14623c0ec91a045cb43f7c5af5fa6af/processor_config.json "HTTP/1.1 200 OK"
[2026-04-06 15:36:19,604][httpx][INFO] - HTTP Request: HEAD https://huggingface.co/api/resolve-cache/models/OpenGVLab/InternVL3-8B-hf/259a3b64a14623c0ec91a045cb43f7c5af5fa6af/processor_config.json "HTTP/1.1 200 OK"
[2026-04-06 15:36:19,661][httpx][INFO] - HTTP Request: HEAD https://huggingface.co/OpenGVLab/InternVL3-8B-hf/resolve/main/preprocessor_config.json "HTTP/1.1 307 Temporary Redirect"
[2026-04-06 15:36:19,669][httpx][INFO] - HTTP Request: HEAD https://huggingface.co/OpenGVLab/InternVL3-8B-hf/resolve/main/processor_config.json "HTTP/1.1 307 Temporary Redirect"
[2026-04-06 15:36:19,680][httpx][INFO] - HTTP Request: HEAD https://huggingface.co/api/resolve-cache/models/OpenGVLab/InternVL3-8B-hf/259a3b64a14623c0ec91a045cb43f7c5af5fa6af/preprocessor_config.json "HTTP/1.1 200 OK"
[2026-04-06 15:36:19,687][httpx][INFO] - HTTP Request: HEAD https://huggingface.co/api/resolve-cache/models/OpenGVLab/InternVL3-8B-hf/259a3b64a14623c0ec91a045cb43f7c5af5fa6af/processor_config.json "HTTP/1.1 200 OK"
[2026-04-06 15:36:19,716][httpx][INFO] - HTTP Request: HEAD https://huggingface.co/OpenGVLab/InternVL3-8B-hf/resolve/main/preprocessor_config.json "HTTP/1.1 307 Temporary Redirect"
[2026-04-06 15:36:19,717][httpx][INFO] - HTTP Request: HEAD https://huggingface.co/OpenGVLab/InternVL3-8B-hf/resolve/main/preprocessor_config.json "HTTP/1.1 307 Temporary Redirect"
[2026-04-06 15:36:19,735][httpx][INFO] - HTTP Request: HEAD https://huggingface.co/api/resolve-cache/models/OpenGVLab/InternVL3-8B-hf/259a3b64a14623c0ec91a045cb43f7c5af5fa6af/preprocessor_config.json "HTTP/1.1 200 OK"
[2026-04-06 15:36:19,736][httpx][INFO] - HTTP Request: HEAD https://huggingface.co/api/resolve-cache/models/OpenGVLab/InternVL3-8B-hf/259a3b64a14623c0ec91a045cb43f7c5af5fa6af/preprocessor_config.json "HTTP/1.1 200 OK"
[2026-04-06 15:36:19,805][httpx][INFO] - HTTP Request: HEAD https://huggingface.co/OpenGVLab/InternVL3-8B-hf/resolve/main/preprocessor_config.json "HTTP/1.1 307 Temporary Redirect"
[2026-04-06 15:36:19,817][httpx][INFO] - HTTP Request: HEAD https://huggingface.co/OpenGVLab/InternVL3-8B-hf/resolve/main/processor_config.json "HTTP/1.1 307 Temporary Redirect"
[2026-04-06 15:36:19,824][httpx][INFO] - HTTP Request: HEAD https://huggingface.co/api/resolve-cache/models/OpenGVLab/InternVL3-8B-hf/259a3b64a14623c0ec91a045cb43f7c5af5fa6af/preprocessor_config.json "HTTP/1.1 200 OK"
[2026-04-06 15:36:19,837][httpx][INFO] - HTTP Request: HEAD https://huggingface.co/api/resolve-cache/models/OpenGVLab/InternVL3-8B-hf/259a3b64a14623c0ec91a045cb43f7c5af5fa6af/processor_config.json "HTTP/1.1 200 OK"
[2026-04-06 15:36:19,855][httpx][INFO] - HTTP Request: HEAD https://huggingface.co/OpenGVLab/InternVL3-8B-hf/resolve/main/processor_config.json "HTTP/1.1 307 Temporary Redirect"
[2026-04-06 15:36:19,861][httpx][INFO] - HTTP Request: HEAD https://huggingface.co/OpenGVLab/InternVL3-8B-hf/resolve/main/processor_config.json "HTTP/1.1 307 Temporary Redirect"
[2026-04-06 15:36:19,873][httpx][INFO] - HTTP Request: HEAD https://huggingface.co/api/resolve-cache/models/OpenGVLab/InternVL3-8B-hf/259a3b64a14623c0ec91a045cb43f7c5af5fa6af/processor_config.json "HTTP/1.1 200 OK"
[2026-04-06 15:36:19,879][httpx][INFO] - HTTP Request: HEAD https://huggingface.co/api/resolve-cache/models/OpenGVLab/InternVL3-8B-hf/259a3b64a14623c0ec91a045cb43f7c5af5fa6af/processor_config.json "HTTP/1.1 200 OK"
[2026-04-06 15:36:19,945][httpx][INFO] - HTTP Request: HEAD https://huggingface.co/OpenGVLab/InternVL3-8B-hf/resolve/main/processor_config.json "HTTP/1.1 307 Temporary Redirect"
[2026-04-06 15:36:19,951][httpx][INFO] - HTTP Request: HEAD https://huggingface.co/OpenGVLab/InternVL3-8B-hf/resolve/main/preprocessor_config.json "HTTP/1.1 307 Temporary Redirect"
[2026-04-06 15:36:19,963][httpx][INFO] - HTTP Request: HEAD https://huggingface.co/api/resolve-cache/models/OpenGVLab/InternVL3-8B-hf/259a3b64a14623c0ec91a045cb43f7c5af5fa6af/processor_config.json "HTTP/1.1 200 OK"
[2026-04-06 15:36:19,970][httpx][INFO] - HTTP Request: HEAD https://huggingface.co/api/resolve-cache/models/OpenGVLab/InternVL3-8B-hf/259a3b64a14623c0ec91a045cb43f7c5af5fa6af/preprocessor_config.json "HTTP/1.1 200 OK"
[2026-04-06 15:36:19,991][httpx][INFO] - HTTP Request: HEAD https://huggingface.co/OpenGVLab/InternVL3-8B-hf/resolve/main/preprocessor_config.json "HTTP/1.1 307 Temporary Redirect"
[2026-04-06 15:36:20,003][httpx][INFO] - HTTP Request: HEAD https://huggingface.co/OpenGVLab/InternVL3-8B-hf/resolve/main/preprocessor_config.json "HTTP/1.1 307 Temporary Redirect"
[2026-04-06 15:36:20,009][httpx][INFO] - HTTP Request: HEAD https://huggingface.co/api/resolve-cache/models/OpenGVLab/InternVL3-8B-hf/259a3b64a14623c0ec91a045cb43f7c5af5fa6af/preprocessor_config.json "HTTP/1.1 200 OK"
[2026-04-06 15:36:20,022][httpx][INFO] - HTTP Request: HEAD https://huggingface.co/api/resolve-cache/models/OpenGVLab/InternVL3-8B-hf/259a3b64a14623c0ec91a045cb43f7c5af5fa6af/preprocessor_config.json "HTTP/1.1 200 OK"
[2026-04-06 15:36:20,083][httpx][INFO] - HTTP Request: HEAD https://huggingface.co/OpenGVLab/InternVL3-8B-hf/resolve/main/preprocessor_config.json "HTTP/1.1 307 Temporary Redirect"
[2026-04-06 15:36:20,089][httpx][INFO] - HTTP Request: HEAD https://huggingface.co/OpenGVLab/InternVL3-8B-hf/resolve/main/config.json "HTTP/1.1 307 Temporary Redirect"
[2026-04-06 15:36:20,103][httpx][INFO] - HTTP Request: HEAD https://huggingface.co/api/resolve-cache/models/OpenGVLab/InternVL3-8B-hf/259a3b64a14623c0ec91a045cb43f7c5af5fa6af/preprocessor_config.json "HTTP/1.1 200 OK"
[2026-04-06 15:36:20,107][httpx][INFO] - HTTP Request: HEAD https://huggingface.co/api/resolve-cache/models/OpenGVLab/InternVL3-8B-hf/259a3b64a14623c0ec91a045cb43f7c5af5fa6af/config.json "HTTP/1.1 200 OK"
[2026-04-06 15:36:20,127][httpx][INFO] - HTTP Request: HEAD https://huggingface.co/OpenGVLab/InternVL3-8B-hf/resolve/main/config.json "HTTP/1.1 307 Temporary Redirect"
[2026-04-06 15:36:20,140][httpx][INFO] - HTTP Request: HEAD https://huggingface.co/OpenGVLab/InternVL3-8B-hf/resolve/main/config.json "HTTP/1.1 307 Temporary Redirect"
[2026-04-06 15:36:20,145][httpx][INFO] - HTTP Request: HEAD https://huggingface.co/api/resolve-cache/models/OpenGVLab/InternVL3-8B-hf/259a3b64a14623c0ec91a045cb43f7c5af5fa6af/config.json "HTTP/1.1 200 OK"
[2026-04-06 15:36:20,159][httpx][INFO] - HTTP Request: HEAD https://huggingface.co/api/resolve-cache/models/OpenGVLab/InternVL3-8B-hf/259a3b64a14623c0ec91a045cb43f7c5af5fa6af/config.json "HTTP/1.1 200 OK"
[2026-04-06 15:36:20,225][httpx][INFO] - HTTP Request: HEAD https://huggingface.co/OpenGVLab/InternVL3-8B-hf/resolve/main/config.json "HTTP/1.1 307 Temporary Redirect"
[2026-04-06 15:36:20,243][httpx][INFO] - HTTP Request: HEAD https://huggingface.co/api/resolve-cache/models/OpenGVLab/InternVL3-8B-hf/259a3b64a14623c0ec91a045cb43f7c5af5fa6af/config.json "HTTP/1.1 200 OK"
[2026-04-06 15:36:20,253][httpx][INFO] - HTTP Request: HEAD https://huggingface.co/OpenGVLab/InternVL3-8B-hf/resolve/main/tokenizer_config.json "HTTP/1.1 307 Temporary Redirect"
[2026-04-06 15:36:20,272][httpx][INFO] - HTTP Request: HEAD https://huggingface.co/api/resolve-cache/models/OpenGVLab/InternVL3-8B-hf/259a3b64a14623c0ec91a045cb43f7c5af5fa6af/tokenizer_config.json "HTTP/1.1 200 OK"
[2026-04-06 15:36:20,275][httpx][INFO] - HTTP Request: HEAD https://huggingface.co/OpenGVLab/InternVL3-8B-hf/resolve/main/tokenizer_config.json "HTTP/1.1 307 Temporary Redirect"
[2026-04-06 15:36:20,293][httpx][INFO] - HTTP Request: HEAD https://huggingface.co/api/resolve-cache/models/OpenGVLab/InternVL3-8B-hf/259a3b64a14623c0ec91a045cb43f7c5af5fa6af/tokenizer_config.json "HTTP/1.1 200 OK"
[2026-04-06 15:36:20,298][httpx][INFO] - HTTP Request: HEAD https://huggingface.co/OpenGVLab/InternVL3-8B-hf/resolve/main/tokenizer_config.json "HTTP/1.1 307 Temporary Redirect"
[2026-04-06 15:36:20,318][httpx][INFO] - HTTP Request: HEAD https://huggingface.co/api/resolve-cache/models/OpenGVLab/InternVL3-8B-hf/259a3b64a14623c0ec91a045cb43f7c5af5fa6af/tokenizer_config.json "HTTP/1.1 200 OK"
[2026-04-06 15:36:20,372][httpx][INFO] - HTTP Request: HEAD https://huggingface.co/OpenGVLab/InternVL3-8B-hf/resolve/main/tokenizer_config.json "HTTP/1.1 307 Temporary Redirect"
[2026-04-06 15:36:20,391][httpx][INFO] - HTTP Request: HEAD https://huggingface.co/api/resolve-cache/models/OpenGVLab/InternVL3-8B-hf/259a3b64a14623c0ec91a045cb43f7c5af5fa6af/tokenizer_config.json "HTTP/1.1 200 OK"
[2026-04-06 15:36:20,410][httpx][INFO] - HTTP Request: GET https://huggingface.co/api/models/OpenGVLab/InternVL3-8B-hf/tree/main/additional_chat_templates?recursive=false&expand=false "HTTP/1.1 404 Not Found"
[2026-04-06 15:36:20,411][httpx][INFO] - HTTP Request: GET https://huggingface.co/api/models/OpenGVLab/InternVL3-8B-hf/tree/main/additional_chat_templates?recursive=false&expand=false "HTTP/1.1 404 Not Found"
[2026-04-06 15:36:20,436][httpx][INFO] - HTTP Request: GET https://huggingface.co/api/models/OpenGVLab/InternVL3-8B-hf/tree/main/additional_chat_templates?recursive=false&expand=false "HTTP/1.1 404 Not Found"
[2026-04-06 15:36:20,513][httpx][INFO] - HTTP Request: GET https://huggingface.co/api/models/OpenGVLab/InternVL3-8B-hf/tree/main/additional_chat_templates?recursive=false&expand=false "HTTP/1.1 404 Not Found"
[2026-04-06 15:36:20,525][httpx][INFO] - HTTP Request: GET https://huggingface.co/api/models/OpenGVLab/InternVL3-8B-hf/tree/main?recursive=true&expand=false "HTTP/1.1 200 OK"
[2026-04-06 15:36:20,527][httpx][INFO] - HTTP Request: GET https://huggingface.co/api/models/OpenGVLab/InternVL3-8B-hf/tree/main?recursive=true&expand=false "HTTP/1.1 200 OK"
[2026-04-06 15:36:20,555][httpx][INFO] - HTTP Request: GET https://huggingface.co/api/models/OpenGVLab/InternVL3-8B-hf/tree/main?recursive=true&expand=false "HTTP/1.1 200 OK"
[2026-04-06 15:36:20,631][httpx][INFO] - HTTP Request: GET https://huggingface.co/api/models/OpenGVLab/InternVL3-8B-hf/tree/main?recursive=true&expand=false "HTTP/1.1 200 OK"
[2026-04-06 15:36:21,570][httpx][INFO] - HTTP Request: GET https://huggingface.co/api/models/OpenGVLab/InternVL3-8B-hf "HTTP/1.1 200 OK"
[2026-04-06 15:36:21,584][httpx][INFO] - HTTP Request: GET https://huggingface.co/api/models/OpenGVLab/InternVL3-8B-hf "HTTP/1.1 200 OK"
[2026-04-06 15:36:21,642][httpx][INFO] - HTTP Request: GET https://huggingface.co/api/models/OpenGVLab/InternVL3-8B-hf "HTTP/1.1 200 OK"
[2026-04-06 15:36:21,645][httpx][INFO] - HTTP Request: GET https://huggingface.co/api/models/OpenGVLab/InternVL3-8B-hf "HTTP/1.1 200 OK"
[2026-04-06 15:36:21,684][httpx][INFO] - HTTP Request: HEAD https://huggingface.co/OpenGVLab/InternVL3-8B-hf/resolve/main/processor_config.json "HTTP/1.1 307 Temporary Redirect"
[2026-04-06 15:36:21,696][httpx][INFO] - HTTP Request: HEAD https://huggingface.co/OpenGVLab/InternVL3-8B-hf/resolve/main/processor_config.json "HTTP/1.1 307 Temporary Redirect"
[2026-04-06 15:36:21,702][httpx][INFO] - HTTP Request: HEAD https://huggingface.co/api/resolve-cache/models/OpenGVLab/InternVL3-8B-hf/259a3b64a14623c0ec91a045cb43f7c5af5fa6af/processor_config.json "HTTP/1.1 200 OK"
[2026-04-06 15:36:21,715][httpx][INFO] - HTTP Request: HEAD https://huggingface.co/api/resolve-cache/models/OpenGVLab/InternVL3-8B-hf/259a3b64a14623c0ec91a045cb43f7c5af5fa6af/processor_config.json "HTTP/1.1 200 OK"
[2026-04-06 15:36:21,758][httpx][INFO] - HTTP Request: HEAD https://huggingface.co/OpenGVLab/InternVL3-8B-hf/resolve/main/processor_config.json "HTTP/1.1 307 Temporary Redirect"
[2026-04-06 15:36:21,758][httpx][INFO] - HTTP Request: HEAD https://huggingface.co/OpenGVLab/InternVL3-8B-hf/resolve/main/processor_config.json "HTTP/1.1 307 Temporary Redirect"
[2026-04-06 15:36:21,778][httpx][INFO] - HTTP Request: HEAD https://huggingface.co/api/resolve-cache/models/OpenGVLab/InternVL3-8B-hf/259a3b64a14623c0ec91a045cb43f7c5af5fa6af/processor_config.json "HTTP/1.1 200 OK"
[2026-04-06 15:36:21,780][httpx][INFO] - HTTP Request: HEAD https://huggingface.co/api/resolve-cache/models/OpenGVLab/InternVL3-8B-hf/259a3b64a14623c0ec91a045cb43f7c5af5fa6af/processor_config.json "HTTP/1.1 200 OK"
[2026-04-06 15:36:21,823][httpx][INFO] - HTTP Request: HEAD https://huggingface.co/OpenGVLab/InternVL3-8B-hf/resolve/main/video_preprocessor_config.json "HTTP/1.1 404 Not Found"
[2026-04-06 15:36:21,832][httpx][INFO] - HTTP Request: HEAD https://huggingface.co/OpenGVLab/InternVL3-8B-hf/resolve/main/video_preprocessor_config.json "HTTP/1.1 404 Not Found"
[2026-04-06 15:36:21,894][httpx][INFO] - HTTP Request: HEAD https://huggingface.co/OpenGVLab/InternVL3-8B-hf/resolve/main/video_preprocessor_config.json "HTTP/1.1 404 Not Found"
[2026-04-06 15:36:21,896][httpx][INFO] - HTTP Request: HEAD https://huggingface.co/OpenGVLab/InternVL3-8B-hf/resolve/main/video_preprocessor_config.json "HTTP/1.1 404 Not Found"
[2026-04-06 15:36:22,047][httpx][INFO] - HTTP Request: HEAD https://huggingface.co/OpenGVLab/InternVL3-8B-hf/resolve/main/preprocessor_config.json "HTTP/1.1 307 Temporary Redirect"
[2026-04-06 15:36:22,068][httpx][INFO] - HTTP Request: HEAD https://huggingface.co/api/resolve-cache/models/OpenGVLab/InternVL3-8B-hf/259a3b64a14623c0ec91a045cb43f7c5af5fa6af/preprocessor_config.json "HTTP/1.1 200 OK"
[2026-04-06 15:36:22,099][httpx][INFO] - HTTP Request: HEAD https://huggingface.co/OpenGVLab/InternVL3-8B-hf/resolve/main/preprocessor_config.json "HTTP/1.1 307 Temporary Redirect"
[2026-04-06 15:36:22,105][httpx][INFO] - HTTP Request: HEAD https://huggingface.co/OpenGVLab/InternVL3-8B-hf/resolve/main/preprocessor_config.json "HTTP/1.1 307 Temporary Redirect"
[2026-04-06 15:36:22,115][httpx][INFO] - HTTP Request: HEAD https://huggingface.co/OpenGVLab/InternVL3-8B-hf/resolve/main/preprocessor_config.json "HTTP/1.1 307 Temporary Redirect"
[2026-04-06 15:36:22,117][httpx][INFO] - HTTP Request: HEAD https://huggingface.co/api/resolve-cache/models/OpenGVLab/InternVL3-8B-hf/259a3b64a14623c0ec91a045cb43f7c5af5fa6af/preprocessor_config.json "HTTP/1.1 200 OK"
[2026-04-06 15:36:22,124][httpx][INFO] - HTTP Request: HEAD https://huggingface.co/api/resolve-cache/models/OpenGVLab/InternVL3-8B-hf/259a3b64a14623c0ec91a045cb43f7c5af5fa6af/preprocessor_config.json "HTTP/1.1 200 OK"
[2026-04-06 15:36:22,135][httpx][INFO] - HTTP Request: HEAD https://huggingface.co/api/resolve-cache/models/OpenGVLab/InternVL3-8B-hf/259a3b64a14623c0ec91a045cb43f7c5af5fa6af/preprocessor_config.json "HTTP/1.1 200 OK"
[2026-04-06 15:36:22,185][httpx][INFO] - HTTP Request: HEAD https://huggingface.co/OpenGVLab/InternVL3-8B-hf/resolve/main/config.json "HTTP/1.1 307 Temporary Redirect"
[2026-04-06 15:36:22,204][httpx][INFO] - HTTP Request: HEAD https://huggingface.co/api/resolve-cache/models/OpenGVLab/InternVL3-8B-hf/259a3b64a14623c0ec91a045cb43f7c5af5fa6af/config.json "HTTP/1.1 200 OK"
[2026-04-06 15:36:22,230][httpx][INFO] - HTTP Request: HEAD https://huggingface.co/OpenGVLab/InternVL3-8B-hf/resolve/main/config.json "HTTP/1.1 307 Temporary Redirect"
[2026-04-06 15:36:22,243][httpx][INFO] - HTTP Request: HEAD https://huggingface.co/OpenGVLab/InternVL3-8B-hf/resolve/main/config.json "HTTP/1.1 307 Temporary Redirect"
[2026-04-06 15:36:22,249][httpx][INFO] - HTTP Request: HEAD https://huggingface.co/api/resolve-cache/models/OpenGVLab/InternVL3-8B-hf/259a3b64a14623c0ec91a045cb43f7c5af5fa6af/config.json "HTTP/1.1 200 OK"
[2026-04-06 15:36:22,257][httpx][INFO] - HTTP Request: HEAD https://huggingface.co/OpenGVLab/InternVL3-8B-hf/resolve/main/config.json "HTTP/1.1 307 Temporary Redirect"
[2026-04-06 15:36:22,263][httpx][INFO] - HTTP Request: HEAD https://huggingface.co/api/resolve-cache/models/OpenGVLab/InternVL3-8B-hf/259a3b64a14623c0ec91a045cb43f7c5af5fa6af/config.json "HTTP/1.1 200 OK"
[2026-04-06 15:36:22,276][httpx][INFO] - HTTP Request: HEAD https://huggingface.co/api/resolve-cache/models/OpenGVLab/InternVL3-8B-hf/259a3b64a14623c0ec91a045cb43f7c5af5fa6af/config.json "HTTP/1.1 200 OK"
[2026-04-06 15:36:22,330][httpx][INFO] - HTTP Request: HEAD https://huggingface.co/OpenGVLab/InternVL3-8B-hf/resolve/main/processor_config.json "HTTP/1.1 307 Temporary Redirect"
[2026-04-06 15:36:22,349][httpx][INFO] - HTTP Request: HEAD https://huggingface.co/api/resolve-cache/models/OpenGVLab/InternVL3-8B-hf/259a3b64a14623c0ec91a045cb43f7c5af5fa6af/processor_config.json "HTTP/1.1 200 OK"
[2026-04-06 15:36:22,373][httpx][INFO] - HTTP Request: HEAD https://huggingface.co/OpenGVLab/InternVL3-8B-hf/resolve/main/processor_config.json "HTTP/1.1 307 Temporary Redirect"
[2026-04-06 15:36:22,391][httpx][INFO] - HTTP Request: HEAD https://huggingface.co/api/resolve-cache/models/OpenGVLab/InternVL3-8B-hf/259a3b64a14623c0ec91a045cb43f7c5af5fa6af/processor_config.json "HTTP/1.1 200 OK"
[2026-04-06 15:36:22,394][httpx][INFO] - HTTP Request: HEAD https://huggingface.co/OpenGVLab/InternVL3-8B-hf/resolve/main/processor_config.json "HTTP/1.1 307 Temporary Redirect"
[2026-04-06 15:36:22,403][httpx][INFO] - HTTP Request: HEAD https://huggingface.co/OpenGVLab/InternVL3-8B-hf/resolve/main/processor_config.json "HTTP/1.1 307 Temporary Redirect"
[2026-04-06 15:36:22,412][httpx][INFO] - HTTP Request: HEAD https://huggingface.co/api/resolve-cache/models/OpenGVLab/InternVL3-8B-hf/259a3b64a14623c0ec91a045cb43f7c5af5fa6af/processor_config.json "HTTP/1.1 200 OK"
[2026-04-06 15:36:22,421][httpx][INFO] - HTTP Request: HEAD https://huggingface.co/api/resolve-cache/models/OpenGVLab/InternVL3-8B-hf/259a3b64a14623c0ec91a045cb43f7c5af5fa6af/processor_config.json "HTTP/1.1 200 OK"
[2026-04-06 15:36:22,474][httpx][INFO] - HTTP Request: HEAD https://huggingface.co/OpenGVLab/InternVL3-8B-hf/resolve/main/video_preprocessor_config.json "HTTP/1.1 404 Not Found"
[2026-04-06 15:36:22,508][httpx][INFO] - HTTP Request: HEAD https://huggingface.co/OpenGVLab/InternVL3-8B-hf/resolve/main/video_preprocessor_config.json "HTTP/1.1 404 Not Found"
[2026-04-06 15:36:22,530][httpx][INFO] - HTTP Request: HEAD https://huggingface.co/OpenGVLab/InternVL3-8B-hf/resolve/main/video_preprocessor_config.json "HTTP/1.1 404 Not Found"
[2026-04-06 15:36:22,542][httpx][INFO] - HTTP Request: HEAD https://huggingface.co/OpenGVLab/InternVL3-8B-hf/resolve/main/video_preprocessor_config.json "HTTP/1.1 404 Not Found"
[2026-04-06 15:36:22,597][httpx][INFO] - HTTP Request: HEAD https://huggingface.co/OpenGVLab/InternVL3-8B-hf/resolve/main/preprocessor_config.json "HTTP/1.1 307 Temporary Redirect"
[2026-04-06 15:36:22,616][httpx][INFO] - HTTP Request: HEAD https://huggingface.co/api/resolve-cache/models/OpenGVLab/InternVL3-8B-hf/259a3b64a14623c0ec91a045cb43f7c5af5fa6af/preprocessor_config.json "HTTP/1.1 200 OK"
[2026-04-06 15:36:22,628][httpx][INFO] - HTTP Request: HEAD https://huggingface.co/OpenGVLab/InternVL3-8B-hf/resolve/main/preprocessor_config.json "HTTP/1.1 307 Temporary Redirect"
[2026-04-06 15:36:22,645][httpx][INFO] - HTTP Request: HEAD https://huggingface.co/api/resolve-cache/models/OpenGVLab/InternVL3-8B-hf/259a3b64a14623c0ec91a045cb43f7c5af5fa6af/preprocessor_config.json "HTTP/1.1 200 OK"
[2026-04-06 15:36:22,660][httpx][INFO] - HTTP Request: HEAD https://huggingface.co/OpenGVLab/InternVL3-8B-hf/resolve/main/preprocessor_config.json "HTTP/1.1 307 Temporary Redirect"
[2026-04-06 15:36:22,664][httpx][INFO] - HTTP Request: HEAD https://huggingface.co/OpenGVLab/InternVL3-8B-hf/resolve/main/preprocessor_config.json "HTTP/1.1 307 Temporary Redirect"
[2026-04-06 15:36:22,678][httpx][INFO] - HTTP Request: HEAD https://huggingface.co/api/resolve-cache/models/OpenGVLab/InternVL3-8B-hf/259a3b64a14623c0ec91a045cb43f7c5af5fa6af/preprocessor_config.json "HTTP/1.1 200 OK"
[2026-04-06 15:36:22,684][httpx][INFO] - HTTP Request: HEAD https://huggingface.co/api/resolve-cache/models/OpenGVLab/InternVL3-8B-hf/259a3b64a14623c0ec91a045cb43f7c5af5fa6af/preprocessor_config.json "HTTP/1.1 200 OK"
[2026-04-06 15:36:22,736][httpx][INFO] - HTTP Request: HEAD https://huggingface.co/OpenGVLab/InternVL3-8B-hf/resolve/main/config.json "HTTP/1.1 307 Temporary Redirect"
[2026-04-06 15:36:22,755][httpx][INFO] - HTTP Request: HEAD https://huggingface.co/api/resolve-cache/models/OpenGVLab/InternVL3-8B-hf/259a3b64a14623c0ec91a045cb43f7c5af5fa6af/config.json "HTTP/1.1 200 OK"
[2026-04-06 15:36:22,795][httpx][INFO] - HTTP Request: HEAD https://huggingface.co/OpenGVLab/InternVL3-8B-hf/resolve/main/config.json "HTTP/1.1 307 Temporary Redirect"
[2026-04-06 15:36:22,798][httpx][INFO] - HTTP Request: HEAD https://huggingface.co/OpenGVLab/InternVL3-8B-hf/resolve/main/config.json "HTTP/1.1 307 Temporary Redirect"
[2026-04-06 15:36:22,814][httpx][INFO] - HTTP Request: HEAD https://huggingface.co/api/resolve-cache/models/OpenGVLab/InternVL3-8B-hf/259a3b64a14623c0ec91a045cb43f7c5af5fa6af/config.json "HTTP/1.1 200 OK"
[2026-04-06 15:36:22,818][httpx][INFO] - HTTP Request: HEAD https://huggingface.co/api/resolve-cache/models/OpenGVLab/InternVL3-8B-hf/259a3b64a14623c0ec91a045cb43f7c5af5fa6af/config.json "HTTP/1.1 200 OK"
[2026-04-06 15:36:22,873][httpx][INFO] - HTTP Request: HEAD https://huggingface.co/OpenGVLab/InternVL3-8B-hf/resolve/main/config.json "HTTP/1.1 307 Temporary Redirect"
[2026-04-06 15:36:22,891][httpx][INFO] - HTTP Request: HEAD https://huggingface.co/api/resolve-cache/models/OpenGVLab/InternVL3-8B-hf/259a3b64a14623c0ec91a045cb43f7c5af5fa6af/config.json "HTTP/1.1 200 OK"
[2026-04-06 15:36:22,933][httpx][INFO] - HTTP Request: HEAD https://huggingface.co/OpenGVLab/InternVL3-8B-hf/resolve/main/config.json "HTTP/1.1 307 Temporary Redirect"
[2026-04-06 15:36:22,936][httpx][INFO] - HTTP Request: HEAD https://huggingface.co/OpenGVLab/InternVL3-8B-hf/resolve/main/config.json "HTTP/1.1 307 Temporary Redirect"
[2026-04-06 15:36:22,952][httpx][INFO] - HTTP Request: HEAD https://huggingface.co/api/resolve-cache/models/OpenGVLab/InternVL3-8B-hf/259a3b64a14623c0ec91a045cb43f7c5af5fa6af/config.json "HTTP/1.1 200 OK"
[2026-04-06 15:36:22,954][httpx][INFO] - HTTP Request: HEAD https://huggingface.co/api/resolve-cache/models/OpenGVLab/InternVL3-8B-hf/259a3b64a14623c0ec91a045cb43f7c5af5fa6af/config.json "HTTP/1.1 200 OK"
[2026-04-06 15:36:23,021][httpx][INFO] - HTTP Request: HEAD https://huggingface.co/OpenGVLab/InternVL3-8B-hf/resolve/main/model.safetensors "HTTP/1.1 404 Not Found"
[2026-04-06 15:36:23,085][httpx][INFO] - HTTP Request: HEAD https://huggingface.co/OpenGVLab/InternVL3-8B-hf/resolve/main/model.safetensors "HTTP/1.1 404 Not Found"
[2026-04-06 15:36:23,102][httpx][INFO] - HTTP Request: HEAD https://huggingface.co/OpenGVLab/InternVL3-8B-hf/resolve/main/model.safetensors "HTTP/1.1 404 Not Found"
[2026-04-06 15:36:23,145][httpx][INFO] - HTTP Request: HEAD https://huggingface.co/OpenGVLab/InternVL3-8B-hf/resolve/main/model.safetensors.index.json "HTTP/1.1 307 Temporary Redirect"
[2026-04-06 15:36:23,164][httpx][INFO] - HTTP Request: HEAD https://huggingface.co/api/resolve-cache/models/OpenGVLab/InternVL3-8B-hf/259a3b64a14623c0ec91a045cb43f7c5af5fa6af/model.safetensors.index.json "HTTP/1.1 200 OK"
[2026-04-06 15:36:23,203][httpx][INFO] - HTTP Request: HEAD https://huggingface.co/OpenGVLab/InternVL3-8B-hf/resolve/main/model.safetensors.index.json "HTTP/1.1 307 Temporary Redirect"
[2026-04-06 15:36:23,222][httpx][INFO] - HTTP Request: HEAD https://huggingface.co/api/resolve-cache/models/OpenGVLab/InternVL3-8B-hf/259a3b64a14623c0ec91a045cb43f7c5af5fa6af/model.safetensors.index.json "HTTP/1.1 200 OK"
[2026-04-06 15:36:23,231][httpx][INFO] - HTTP Request: HEAD https://huggingface.co/OpenGVLab/InternVL3-8B-hf/resolve/main/model.safetensors.index.json "HTTP/1.1 307 Temporary Redirect"
[2026-04-06 15:36:23,250][httpx][INFO] - HTTP Request: HEAD https://huggingface.co/api/resolve-cache/models/OpenGVLab/InternVL3-8B-hf/259a3b64a14623c0ec91a045cb43f7c5af5fa6af/model.safetensors.index.json "HTTP/1.1 200 OK"
[2026-04-06 15:36:23,308][httpx][INFO] - HTTP Request: GET https://huggingface.co/api/models/OpenGVLab/InternVL3-8B-hf/revision/main "HTTP/1.1 200 OK"
[2026-04-06 15:36:23,342][httpx][INFO] - HTTP Request: GET https://huggingface.co/api/models/OpenGVLab/InternVL3-8B-hf/revision/main "HTTP/1.1 200 OK"
[2026-04-06 15:36:23,376][httpx][INFO] - HTTP Request: GET https://huggingface.co/api/models/OpenGVLab/InternVL3-8B-hf/revision/main "HTTP/1.1 200 OK"
[2026-04-06 15:40:00,428][httpx][INFO] - HTTP Request: HEAD https://huggingface.co/OpenGVLab/InternVL3-8B-hf/resolve/main/processor_config.json "HTTP/1.1 307 Temporary Redirect"
[2026-04-06 15:40:00,448][httpx][INFO] - HTTP Request: HEAD https://huggingface.co/api/resolve-cache/models/OpenGVLab/InternVL3-8B-hf/259a3b64a14623c0ec91a045cb43f7c5af5fa6af/processor_config.json "HTTP/1.1 200 OK"
[2026-04-06 15:40:00,594][httpx][INFO] - HTTP Request: GET https://huggingface.co/api/models/OpenGVLab/InternVL3-8B-hf/tree/main/additional_chat_templates?recursive=false&expand=false "HTTP/1.1 404 Not Found"
[2026-04-06 15:40:00,610][httpx][INFO] - HTTP Request: HEAD https://huggingface.co/OpenGVLab/InternVL3-8B-hf/resolve/main/processor_config.json "HTTP/1.1 307 Temporary Redirect"
[2026-04-06 15:40:00,630][httpx][INFO] - HTTP Request: HEAD https://huggingface.co/api/resolve-cache/models/OpenGVLab/InternVL3-8B-hf/259a3b64a14623c0ec91a045cb43f7c5af5fa6af/processor_config.json "HTTP/1.1 200 OK"
[2026-04-06 15:40:00,706][httpx][INFO] - HTTP Request: HEAD https://huggingface.co/OpenGVLab/InternVL3-8B-hf/resolve/main/processor_config.json "HTTP/1.1 307 Temporary Redirect"
[2026-04-06 15:40:00,726][httpx][INFO] - HTTP Request: HEAD https://huggingface.co/api/resolve-cache/models/OpenGVLab/InternVL3-8B-hf/259a3b64a14623c0ec91a045cb43f7c5af5fa6af/processor_config.json "HTTP/1.1 200 OK"
[2026-04-06 15:40:00,748][httpx][INFO] - HTTP Request: GET https://huggingface.co/api/models/OpenGVLab/InternVL3-8B-hf/tree/main/additional_chat_templates?recursive=false&expand=false "HTTP/1.1 404 Not Found"
[2026-04-06 15:40:00,832][httpx][INFO] - HTTP Request: HEAD https://huggingface.co/OpenGVLab/InternVL3-8B-hf/resolve/main/processor_config.json "HTTP/1.1 307 Temporary Redirect"
[2026-04-06 15:40:00,849][httpx][INFO] - HTTP Request: HEAD https://huggingface.co/OpenGVLab/InternVL3-8B-hf/resolve/main/chat_template.json "HTTP/1.1 404 Not Found"
[2026-04-06 15:40:00,852][httpx][INFO] - HTTP Request: HEAD https://huggingface.co/api/resolve-cache/models/OpenGVLab/InternVL3-8B-hf/259a3b64a14623c0ec91a045cb43f7c5af5fa6af/processor_config.json "HTTP/1.1 200 OK"
[2026-04-06 15:40:00,863][httpx][INFO] - HTTP Request: HEAD https://huggingface.co/OpenGVLab/InternVL3-8B-hf/resolve/main/processor_config.json "HTTP/1.1 307 Temporary Redirect"
[2026-04-06 15:40:00,883][httpx][INFO] - HTTP Request: HEAD https://huggingface.co/api/resolve-cache/models/OpenGVLab/InternVL3-8B-hf/259a3b64a14623c0ec91a045cb43f7c5af5fa6af/processor_config.json "HTTP/1.1 200 OK"
[2026-04-06 15:40:00,902][httpx][INFO] - HTTP Request: HEAD https://huggingface.co/OpenGVLab/InternVL3-8B-hf/resolve/main/processor_config.json "HTTP/1.1 307 Temporary Redirect"
[2026-04-06 15:40:00,921][httpx][INFO] - HTTP Request: HEAD https://huggingface.co/api/resolve-cache/models/OpenGVLab/InternVL3-8B-hf/259a3b64a14623c0ec91a045cb43f7c5af5fa6af/processor_config.json "HTTP/1.1 200 OK"
[2026-04-06 15:40:00,969][httpx][INFO] - HTTP Request: GET https://huggingface.co/api/models/OpenGVLab/InternVL3-8B-hf/tree/main/additional_chat_templates?recursive=false&expand=false "HTTP/1.1 404 Not Found"
[2026-04-06 15:40:00,969][httpx][INFO] - HTTP Request: HEAD https://huggingface.co/OpenGVLab/InternVL3-8B-hf/resolve/main/chat_template.jinja "HTTP/1.1 307 Temporary Redirect"
[2026-04-06 15:40:00,988][httpx][INFO] - HTTP Request: HEAD https://huggingface.co/api/resolve-cache/models/OpenGVLab/InternVL3-8B-hf/259a3b64a14623c0ec91a045cb43f7c5af5fa6af/chat_template.jinja "HTTP/1.1 200 OK"
[2026-04-06 15:40:01,001][httpx][INFO] - HTTP Request: HEAD https://huggingface.co/OpenGVLab/InternVL3-8B-hf/resolve/main/chat_template.json "HTTP/1.1 404 Not Found"
[2026-04-06 15:40:01,040][httpx][INFO] - HTTP Request: GET https://huggingface.co/api/models/OpenGVLab/InternVL3-8B-hf/tree/main/additional_chat_templates?recursive=false&expand=false "HTTP/1.1 404 Not Found"
[2026-04-06 15:40:01,079][httpx][INFO] - HTTP Request: HEAD https://huggingface.co/OpenGVLab/InternVL3-8B-hf/resolve/main/processor_config.json "HTTP/1.1 307 Temporary Redirect"
[2026-04-06 15:40:01,098][httpx][INFO] - HTTP Request: HEAD https://huggingface.co/api/resolve-cache/models/OpenGVLab/InternVL3-8B-hf/259a3b64a14623c0ec91a045cb43f7c5af5fa6af/processor_config.json "HTTP/1.1 200 OK"
[2026-04-06 15:40:01,104][httpx][INFO] - HTTP Request: HEAD https://huggingface.co/OpenGVLab/InternVL3-8B-hf/resolve/main/audio_tokenizer_config.json "HTTP/1.1 404 Not Found"
[2026-04-06 15:40:01,154][httpx][INFO] - HTTP Request: HEAD https://huggingface.co/OpenGVLab/InternVL3-8B-hf/resolve/main/processor_config.json "HTTP/1.1 307 Temporary Redirect"
[2026-04-06 15:40:01,173][httpx][INFO] - HTTP Request: HEAD https://huggingface.co/api/resolve-cache/models/OpenGVLab/InternVL3-8B-hf/259a3b64a14623c0ec91a045cb43f7c5af5fa6af/processor_config.json "HTTP/1.1 200 OK"
[2026-04-06 15:40:01,227][httpx][INFO] - HTTP Request: HEAD https://huggingface.co/OpenGVLab/InternVL3-8B-hf/resolve/main/chat_template.json "HTTP/1.1 404 Not Found"
[2026-04-06 15:40:01,229][httpx][INFO] - HTTP Request: HEAD https://huggingface.co/OpenGVLab/InternVL3-8B-hf/resolve/main/chat_template.jinja "HTTP/1.1 307 Temporary Redirect"
[2026-04-06 15:40:01,242][httpx][INFO] - HTTP Request: GET https://huggingface.co/api/models/OpenGVLab/InternVL3-8B-hf/tree/main/additional_chat_templates?recursive=false&expand=false "HTTP/1.1 404 Not Found"
[2026-04-06 15:40:01,249][httpx][INFO] - HTTP Request: HEAD https://huggingface.co/api/resolve-cache/models/OpenGVLab/InternVL3-8B-hf/259a3b64a14623c0ec91a045cb43f7c5af5fa6af/chat_template.jinja "HTTP/1.1 200 OK"
[2026-04-06 15:40:01,284][httpx][INFO] - HTTP Request: HEAD https://huggingface.co/OpenGVLab/InternVL3-8B-hf/resolve/main/chat_template.json "HTTP/1.1 404 Not Found"
[2026-04-06 15:40:01,358][httpx][INFO] - HTTP Request: HEAD https://huggingface.co/OpenGVLab/InternVL3-8B-hf/resolve/main/processor_config.json "HTTP/1.1 307 Temporary Redirect"
[2026-04-06 15:40:01,377][httpx][INFO] - HTTP Request: HEAD https://huggingface.co/OpenGVLab/InternVL3-8B-hf/resolve/main/audio_tokenizer_config.json "HTTP/1.1 404 Not Found"
[2026-04-06 15:40:01,377][httpx][INFO] - HTTP Request: HEAD https://huggingface.co/api/resolve-cache/models/OpenGVLab/InternVL3-8B-hf/259a3b64a14623c0ec91a045cb43f7c5af5fa6af/processor_config.json "HTTP/1.1 200 OK"
[2026-04-06 15:40:01,413][httpx][INFO] - HTTP Request: HEAD https://huggingface.co/OpenGVLab/InternVL3-8B-hf/resolve/main/chat_template.jinja "HTTP/1.1 307 Temporary Redirect"
[2026-04-06 15:40:01,417][httpx][INFO] - HTTP Request: HEAD https://huggingface.co/OpenGVLab/InternVL3-8B-hf/resolve/main/chat_template.jinja "HTTP/1.1 307 Temporary Redirect"
[2026-04-06 15:40:01,431][httpx][INFO] - HTTP Request: HEAD https://huggingface.co/api/resolve-cache/models/OpenGVLab/InternVL3-8B-hf/259a3b64a14623c0ec91a045cb43f7c5af5fa6af/chat_template.jinja "HTTP/1.1 200 OK"
[2026-04-06 15:40:01,437][httpx][INFO] - HTTP Request: HEAD https://huggingface.co/api/resolve-cache/models/OpenGVLab/InternVL3-8B-hf/259a3b64a14623c0ec91a045cb43f7c5af5fa6af/chat_template.jinja "HTTP/1.1 200 OK"
[2026-04-06 15:40:01,495][httpx][INFO] - HTTP Request: HEAD https://huggingface.co/OpenGVLab/InternVL3-8B-hf/resolve/main/chat_template.json "HTTP/1.1 404 Not Found"
[2026-04-06 15:40:01,540][httpx][INFO] - HTTP Request: GET https://huggingface.co/api/models/OpenGVLab/InternVL3-8B-hf/tree/main/additional_chat_templates?recursive=false&expand=false "HTTP/1.1 404 Not Found"
[2026-04-06 15:40:01,549][httpx][INFO] - HTTP Request: HEAD https://huggingface.co/OpenGVLab/InternVL3-8B-hf/resolve/main/audio_tokenizer_config.json "HTTP/1.1 404 Not Found"
[2026-04-06 15:40:01,551][httpx][INFO] - HTTP Request: HEAD https://huggingface.co/OpenGVLab/InternVL3-8B-hf/resolve/main/audio_tokenizer_config.json "HTTP/1.1 404 Not Found"
[2026-04-06 15:40:01,617][httpx][INFO] - HTTP Request: HEAD https://huggingface.co/OpenGVLab/InternVL3-8B-hf/resolve/main/chat_template.jinja "HTTP/1.1 307 Temporary Redirect"
[2026-04-06 15:40:01,636][httpx][INFO] - HTTP Request: HEAD https://huggingface.co/api/resolve-cache/models/OpenGVLab/InternVL3-8B-hf/259a3b64a14623c0ec91a045cb43f7c5af5fa6af/chat_template.jinja "HTTP/1.1 200 OK"
[2026-04-06 15:40:01,650][httpx][INFO] - HTTP Request: HEAD https://huggingface.co/OpenGVLab/InternVL3-8B-hf/resolve/main/processor_config.json "HTTP/1.1 307 Temporary Redirect"
[2026-04-06 15:40:01,668][httpx][INFO] - HTTP Request: HEAD https://huggingface.co/api/resolve-cache/models/OpenGVLab/InternVL3-8B-hf/259a3b64a14623c0ec91a045cb43f7c5af5fa6af/processor_config.json "HTTP/1.1 200 OK"
[2026-04-06 15:40:01,680][httpx][INFO] - HTTP Request: GET https://huggingface.co/api/models/OpenGVLab/InternVL3-8B-hf/tree/main/additional_chat_templates?recursive=false&expand=false "HTTP/1.1 404 Not Found"
[2026-04-06 15:40:01,695][httpx][INFO] - HTTP Request: GET https://huggingface.co/api/models/OpenGVLab/InternVL3-8B-hf/tree/main/additional_chat_templates?recursive=false&expand=false "HTTP/1.1 404 Not Found"
[2026-04-06 15:40:01,747][httpx][INFO] - HTTP Request: HEAD https://huggingface.co/OpenGVLab/InternVL3-8B-hf/resolve/main/audio_tokenizer_config.json "HTTP/1.1 404 Not Found"
[2026-04-06 15:40:01,779][httpx][INFO] - HTTP Request: HEAD https://huggingface.co/OpenGVLab/InternVL3-8B-hf/resolve/main/chat_template.json "HTTP/1.1 404 Not Found"
[2026-04-06 15:40:01,791][httpx][INFO] - HTTP Request: HEAD https://huggingface.co/OpenGVLab/InternVL3-8B-hf/resolve/main/processor_config.json "HTTP/1.1 307 Temporary Redirect"
[2026-04-06 15:40:01,801][httpx][INFO] - HTTP Request: HEAD https://huggingface.co/OpenGVLab/InternVL3-8B-hf/resolve/main/processor_config.json "HTTP/1.1 307 Temporary Redirect"
[2026-04-06 15:40:01,811][httpx][INFO] - HTTP Request: HEAD https://huggingface.co/api/resolve-cache/models/OpenGVLab/InternVL3-8B-hf/259a3b64a14623c0ec91a045cb43f7c5af5fa6af/processor_config.json "HTTP/1.1 200 OK"
[2026-04-06 15:40:01,821][httpx][INFO] - HTTP Request: HEAD https://huggingface.co/api/resolve-cache/models/OpenGVLab/InternVL3-8B-hf/259a3b64a14623c0ec91a045cb43f7c5af5fa6af/processor_config.json "HTTP/1.1 200 OK"
[2026-04-06 15:40:01,921][httpx][INFO] - HTTP Request: HEAD https://huggingface.co/OpenGVLab/InternVL3-8B-hf/resolve/main/processor_config.json "HTTP/1.1 307 Temporary Redirect"
[2026-04-06 15:40:01,929][httpx][INFO] - HTTP Request: HEAD https://huggingface.co/OpenGVLab/InternVL3-8B-hf/resolve/main/chat_template.json "HTTP/1.1 404 Not Found"
[2026-04-06 15:40:01,930][httpx][INFO] - HTTP Request: HEAD https://huggingface.co/OpenGVLab/InternVL3-8B-hf/resolve/main/chat_template.jinja "HTTP/1.1 307 Temporary Redirect"
[2026-04-06 15:40:01,938][httpx][INFO] - HTTP Request: HEAD https://huggingface.co/OpenGVLab/InternVL3-8B-hf/resolve/main/chat_template.json "HTTP/1.1 404 Not Found"
[2026-04-06 15:40:01,939][httpx][INFO] - HTTP Request: HEAD https://huggingface.co/api/resolve-cache/models/OpenGVLab/InternVL3-8B-hf/259a3b64a14623c0ec91a045cb43f7c5af5fa6af/processor_config.json "HTTP/1.1 200 OK"
[2026-04-06 15:40:01,950][httpx][INFO] - HTTP Request: HEAD https://huggingface.co/api/resolve-cache/models/OpenGVLab/InternVL3-8B-hf/259a3b64a14623c0ec91a045cb43f7c5af5fa6af/chat_template.jinja "HTTP/1.1 200 OK"
[2026-04-06 15:40:02,052][httpx][INFO] - HTTP Request: HEAD https://huggingface.co/OpenGVLab/InternVL3-8B-hf/resolve/main/preprocessor_config.json "HTTP/1.1 307 Temporary Redirect"
[2026-04-06 15:40:02,056][httpx][INFO] - HTTP Request: HEAD https://huggingface.co/OpenGVLab/InternVL3-8B-hf/resolve/main/chat_template.jinja "HTTP/1.1 307 Temporary Redirect"
[2026-04-06 15:40:02,058][httpx][INFO] - HTTP Request: HEAD https://huggingface.co/OpenGVLab/InternVL3-8B-hf/resolve/main/chat_template.jinja "HTTP/1.1 307 Temporary Redirect"
[2026-04-06 15:40:02,064][httpx][INFO] - HTTP Request: HEAD https://huggingface.co/OpenGVLab/InternVL3-8B-hf/resolve/main/audio_tokenizer_config.json "HTTP/1.1 404 Not Found"
[2026-04-06 15:40:02,070][httpx][INFO] - HTTP Request: HEAD https://huggingface.co/api/resolve-cache/models/OpenGVLab/InternVL3-8B-hf/259a3b64a14623c0ec91a045cb43f7c5af5fa6af/preprocessor_config.json "HTTP/1.1 200 OK"
[2026-04-06 15:40:02,075][httpx][INFO] - HTTP Request: HEAD https://huggingface.co/api/resolve-cache/models/OpenGVLab/InternVL3-8B-hf/259a3b64a14623c0ec91a045cb43f7c5af5fa6af/chat_template.jinja "HTTP/1.1 200 OK"
[2026-04-06 15:40:02,077][httpx][INFO] - HTTP Request: HEAD https://huggingface.co/api/resolve-cache/models/OpenGVLab/InternVL3-8B-hf/259a3b64a14623c0ec91a045cb43f7c5af5fa6af/chat_template.jinja "HTTP/1.1 200 OK"
[2026-04-06 15:40:02,184][httpx][INFO] - HTTP Request: HEAD https://huggingface.co/OpenGVLab/InternVL3-8B-hf/resolve/main/processor_config.json "HTTP/1.1 307 Temporary Redirect"
[2026-04-06 15:40:02,188][httpx][INFO] - HTTP Request: HEAD https://huggingface.co/OpenGVLab/InternVL3-8B-hf/resolve/main/audio_tokenizer_config.json "HTTP/1.1 404 Not Found"
[2026-04-06 15:40:02,190][httpx][INFO] - HTTP Request: HEAD https://huggingface.co/OpenGVLab/InternVL3-8B-hf/resolve/main/audio_tokenizer_config.json "HTTP/1.1 404 Not Found"
[2026-04-06 15:40:02,193][httpx][INFO] - HTTP Request: HEAD https://huggingface.co/OpenGVLab/InternVL3-8B-hf/resolve/main/processor_config.json "HTTP/1.1 307 Temporary Redirect"
[2026-04-06 15:40:02,202][httpx][INFO] - HTTP Request: HEAD https://huggingface.co/api/resolve-cache/models/OpenGVLab/InternVL3-8B-hf/259a3b64a14623c0ec91a045cb43f7c5af5fa6af/processor_config.json "HTTP/1.1 200 OK"
[2026-04-06 15:40:02,211][httpx][INFO] - HTTP Request: HEAD https://huggingface.co/api/resolve-cache/models/OpenGVLab/InternVL3-8B-hf/259a3b64a14623c0ec91a045cb43f7c5af5fa6af/processor_config.json "HTTP/1.1 200 OK"
[2026-04-06 15:40:02,313][httpx][INFO] - HTTP Request: HEAD https://huggingface.co/OpenGVLab/InternVL3-8B-hf/resolve/main/processor_config.json "HTTP/1.1 307 Temporary Redirect"
[2026-04-06 15:40:02,316][httpx][INFO] - HTTP Request: HEAD https://huggingface.co/OpenGVLab/InternVL3-8B-hf/resolve/main/preprocessor_config.json "HTTP/1.1 307 Temporary Redirect"
[2026-04-06 15:40:02,325][httpx][INFO] - HTTP Request: HEAD https://huggingface.co/OpenGVLab/InternVL3-8B-hf/resolve/main/processor_config.json "HTTP/1.1 307 Temporary Redirect"
[2026-04-06 15:40:02,331][httpx][INFO] - HTTP Request: HEAD https://huggingface.co/api/resolve-cache/models/OpenGVLab/InternVL3-8B-hf/259a3b64a14623c0ec91a045cb43f7c5af5fa6af/processor_config.json "HTTP/1.1 200 OK"
[2026-04-06 15:40:02,333][httpx][INFO] - HTTP Request: HEAD https://huggingface.co/OpenGVLab/InternVL3-8B-hf/resolve/main/preprocessor_config.json "HTTP/1.1 307 Temporary Redirect"
[2026-04-06 15:40:02,337][httpx][INFO] - HTTP Request: HEAD https://huggingface.co/api/resolve-cache/models/OpenGVLab/InternVL3-8B-hf/259a3b64a14623c0ec91a045cb43f7c5af5fa6af/preprocessor_config.json "HTTP/1.1 200 OK"
[2026-04-06 15:40:02,343][httpx][INFO] - HTTP Request: HEAD https://huggingface.co/api/resolve-cache/models/OpenGVLab/InternVL3-8B-hf/259a3b64a14623c0ec91a045cb43f7c5af5fa6af/processor_config.json "HTTP/1.1 200 OK"
[2026-04-06 15:40:02,351][httpx][INFO] - HTTP Request: HEAD https://huggingface.co/api/resolve-cache/models/OpenGVLab/InternVL3-8B-hf/259a3b64a14623c0ec91a045cb43f7c5af5fa6af/preprocessor_config.json "HTTP/1.1 200 OK"
[2026-04-06 15:40:02,454][httpx][INFO] - HTTP Request: HEAD https://huggingface.co/OpenGVLab/InternVL3-8B-hf/resolve/main/preprocessor_config.json "HTTP/1.1 307 Temporary Redirect"
[2026-04-06 15:40:02,455][httpx][INFO] - HTTP Request: HEAD https://huggingface.co/OpenGVLab/InternVL3-8B-hf/resolve/main/preprocessor_config.json "HTTP/1.1 307 Temporary Redirect"
[2026-04-06 15:40:02,455][httpx][INFO] - HTTP Request: HEAD https://huggingface.co/OpenGVLab/InternVL3-8B-hf/resolve/main/processor_config.json "HTTP/1.1 307 Temporary Redirect"
[2026-04-06 15:40:02,463][httpx][INFO] - HTTP Request: HEAD https://huggingface.co/OpenGVLab/InternVL3-8B-hf/resolve/main/config.json "HTTP/1.1 307 Temporary Redirect"
[2026-04-06 15:40:02,473][httpx][INFO] - HTTP Request: HEAD https://huggingface.co/api/resolve-cache/models/OpenGVLab/InternVL3-8B-hf/259a3b64a14623c0ec91a045cb43f7c5af5fa6af/preprocessor_config.json "HTTP/1.1 200 OK"
[2026-04-06 15:40:02,474][httpx][INFO] - HTTP Request: HEAD https://huggingface.co/api/resolve-cache/models/OpenGVLab/InternVL3-8B-hf/259a3b64a14623c0ec91a045cb43f7c5af5fa6af/processor_config.json "HTTP/1.1 200 OK"
[2026-04-06 15:40:02,474][httpx][INFO] - HTTP Request: HEAD https://huggingface.co/api/resolve-cache/models/OpenGVLab/InternVL3-8B-hf/259a3b64a14623c0ec91a045cb43f7c5af5fa6af/preprocessor_config.json "HTTP/1.1 200 OK"
[2026-04-06 15:40:02,482][httpx][INFO] - HTTP Request: HEAD https://huggingface.co/api/resolve-cache/models/OpenGVLab/InternVL3-8B-hf/259a3b64a14623c0ec91a045cb43f7c5af5fa6af/config.json "HTTP/1.1 200 OK"
[2026-04-06 15:40:02,588][httpx][INFO] - HTTP Request: HEAD https://huggingface.co/OpenGVLab/InternVL3-8B-hf/resolve/main/preprocessor_config.json "HTTP/1.1 307 Temporary Redirect"
[2026-04-06 15:40:02,595][httpx][INFO] - HTTP Request: HEAD https://huggingface.co/OpenGVLab/InternVL3-8B-hf/resolve/main/processor_config.json "HTTP/1.1 307 Temporary Redirect"
[2026-04-06 15:40:02,599][httpx][INFO] - HTTP Request: HEAD https://huggingface.co/OpenGVLab/InternVL3-8B-hf/resolve/main/processor_config.json "HTTP/1.1 307 Temporary Redirect"
[2026-04-06 15:40:02,607][httpx][INFO] - HTTP Request: HEAD https://huggingface.co/api/resolve-cache/models/OpenGVLab/InternVL3-8B-hf/259a3b64a14623c0ec91a045cb43f7c5af5fa6af/preprocessor_config.json "HTTP/1.1 200 OK"
[2026-04-06 15:40:02,613][httpx][INFO] - HTTP Request: HEAD https://huggingface.co/OpenGVLab/InternVL3-8B-hf/resolve/main/tokenizer_config.json "HTTP/1.1 307 Temporary Redirect"
[2026-04-06 15:40:02,613][httpx][INFO] - HTTP Request: HEAD https://huggingface.co/api/resolve-cache/models/OpenGVLab/InternVL3-8B-hf/259a3b64a14623c0ec91a045cb43f7c5af5fa6af/processor_config.json "HTTP/1.1 200 OK"
[2026-04-06 15:40:02,618][httpx][INFO] - HTTP Request: HEAD https://huggingface.co/api/resolve-cache/models/OpenGVLab/InternVL3-8B-hf/259a3b64a14623c0ec91a045cb43f7c5af5fa6af/processor_config.json "HTTP/1.1 200 OK"
[2026-04-06 15:40:02,632][httpx][INFO] - HTTP Request: HEAD https://huggingface.co/api/resolve-cache/models/OpenGVLab/InternVL3-8B-hf/259a3b64a14623c0ec91a045cb43f7c5af5fa6af/tokenizer_config.json "HTTP/1.1 200 OK"
[2026-04-06 15:40:02,722][httpx][INFO] - HTTP Request: HEAD https://huggingface.co/OpenGVLab/InternVL3-8B-hf/resolve/main/config.json "HTTP/1.1 307 Temporary Redirect"
[2026-04-06 15:40:02,725][httpx][INFO] - HTTP Request: HEAD https://huggingface.co/OpenGVLab/InternVL3-8B-hf/resolve/main/preprocessor_config.json "HTTP/1.1 307 Temporary Redirect"
[2026-04-06 15:40:02,733][httpx][INFO] - HTTP Request: HEAD https://huggingface.co/OpenGVLab/InternVL3-8B-hf/resolve/main/preprocessor_config.json "HTTP/1.1 307 Temporary Redirect"
[2026-04-06 15:40:02,741][httpx][INFO] - HTTP Request: HEAD https://huggingface.co/api/resolve-cache/models/OpenGVLab/InternVL3-8B-hf/259a3b64a14623c0ec91a045cb43f7c5af5fa6af/config.json "HTTP/1.1 200 OK"
[2026-04-06 15:40:02,745][httpx][INFO] - HTTP Request: HEAD https://huggingface.co/api/resolve-cache/models/OpenGVLab/InternVL3-8B-hf/259a3b64a14623c0ec91a045cb43f7c5af5fa6af/preprocessor_config.json "HTTP/1.1 200 OK"
[2026-04-06 15:40:02,753][httpx][INFO] - HTTP Request: HEAD https://huggingface.co/api/resolve-cache/models/OpenGVLab/InternVL3-8B-hf/259a3b64a14623c0ec91a045cb43f7c5af5fa6af/preprocessor_config.json "HTTP/1.1 200 OK"
[2026-04-06 15:40:02,757][httpx][INFO] - HTTP Request: GET https://huggingface.co/api/models/OpenGVLab/InternVL3-8B-hf/tree/main/additional_chat_templates?recursive=false&expand=false "HTTP/1.1 404 Not Found"
[2026-04-06 15:40:02,857][httpx][INFO] - HTTP Request: HEAD https://huggingface.co/OpenGVLab/InternVL3-8B-hf/resolve/main/config.json "HTTP/1.1 307 Temporary Redirect"
[2026-04-06 15:40:02,864][httpx][INFO] - HTTP Request: HEAD https://huggingface.co/OpenGVLab/InternVL3-8B-hf/resolve/main/config.json "HTTP/1.1 307 Temporary Redirect"
[2026-04-06 15:40:02,869][httpx][INFO] - HTTP Request: GET https://huggingface.co/api/models/OpenGVLab/InternVL3-8B-hf/tree/main?recursive=true&expand=false "HTTP/1.1 200 OK"
[2026-04-06 15:40:02,874][httpx][INFO] - HTTP Request: HEAD https://huggingface.co/OpenGVLab/InternVL3-8B-hf/resolve/main/tokenizer_config.json "HTTP/1.1 307 Temporary Redirect"
[2026-04-06 15:40:02,876][httpx][INFO] - HTTP Request: HEAD https://huggingface.co/api/resolve-cache/models/OpenGVLab/InternVL3-8B-hf/259a3b64a14623c0ec91a045cb43f7c5af5fa6af/config.json "HTTP/1.1 200 OK"
[2026-04-06 15:40:02,883][httpx][INFO] - HTTP Request: HEAD https://huggingface.co/api/resolve-cache/models/OpenGVLab/InternVL3-8B-hf/259a3b64a14623c0ec91a045cb43f7c5af5fa6af/config.json "HTTP/1.1 200 OK"
[2026-04-06 15:40:02,895][httpx][INFO] - HTTP Request: HEAD https://huggingface.co/api/resolve-cache/models/OpenGVLab/InternVL3-8B-hf/259a3b64a14623c0ec91a045cb43f7c5af5fa6af/tokenizer_config.json "HTTP/1.1 200 OK"
[2026-04-06 15:40:03,013][httpx][INFO] - HTTP Request: HEAD https://huggingface.co/OpenGVLab/InternVL3-8B-hf/resolve/main/tokenizer_config.json "HTTP/1.1 307 Temporary Redirect"
[2026-04-06 15:40:03,017][httpx][INFO] - HTTP Request: GET https://huggingface.co/api/models/OpenGVLab/InternVL3-8B-hf/tree/main/additional_chat_templates?recursive=false&expand=false "HTTP/1.1 404 Not Found"
[2026-04-06 15:40:03,017][httpx][INFO] - HTTP Request: HEAD https://huggingface.co/OpenGVLab/InternVL3-8B-hf/resolve/main/tokenizer_config.json "HTTP/1.1 307 Temporary Redirect"
[2026-04-06 15:40:03,033][httpx][INFO] - HTTP Request: HEAD https://huggingface.co/api/resolve-cache/models/OpenGVLab/InternVL3-8B-hf/259a3b64a14623c0ec91a045cb43f7c5af5fa6af/tokenizer_config.json "HTTP/1.1 200 OK"
[2026-04-06 15:40:03,037][httpx][INFO] - HTTP Request: HEAD https://huggingface.co/api/resolve-cache/models/OpenGVLab/InternVL3-8B-hf/259a3b64a14623c0ec91a045cb43f7c5af5fa6af/tokenizer_config.json "HTTP/1.1 200 OK"
[2026-04-06 15:40:03,145][httpx][INFO] - HTTP Request: GET https://huggingface.co/api/models/OpenGVLab/InternVL3-8B-hf/tree/main?recursive=true&expand=false "HTTP/1.1 200 OK"
[2026-04-06 15:40:03,153][httpx][INFO] - HTTP Request: GET https://huggingface.co/api/models/OpenGVLab/InternVL3-8B-hf/tree/main/additional_chat_templates?recursive=false&expand=false "HTTP/1.1 404 Not Found"
[2026-04-06 15:40:03,173][httpx][INFO] - HTTP Request: GET https://huggingface.co/api/models/OpenGVLab/InternVL3-8B-hf/tree/main/additional_chat_templates?recursive=false&expand=false "HTTP/1.1 404 Not Found"
[2026-04-06 15:40:03,277][httpx][INFO] - HTTP Request: GET https://huggingface.co/api/models/OpenGVLab/InternVL3-8B-hf/tree/main?recursive=true&expand=false "HTTP/1.1 200 OK"
[2026-04-06 15:40:03,288][httpx][INFO] - HTTP Request: GET https://huggingface.co/api/models/OpenGVLab/InternVL3-8B-hf/tree/main?recursive=true&expand=false "HTTP/1.1 200 OK"
[2026-04-06 15:40:03,736][httpx][INFO] - HTTP Request: GET https://huggingface.co/api/models/OpenGVLab/InternVL3-8B-hf "HTTP/1.1 200 OK"
[2026-04-06 15:40:03,846][httpx][INFO] - HTTP Request: HEAD https://huggingface.co/OpenGVLab/InternVL3-8B-hf/resolve/main/processor_config.json "HTTP/1.1 307 Temporary Redirect"
[2026-04-06 15:40:03,865][httpx][INFO] - HTTP Request: HEAD https://huggingface.co/api/resolve-cache/models/OpenGVLab/InternVL3-8B-hf/259a3b64a14623c0ec91a045cb43f7c5af5fa6af/processor_config.json "HTTP/1.1 200 OK"
[2026-04-06 15:40:03,982][httpx][INFO] - HTTP Request: HEAD https://huggingface.co/OpenGVLab/InternVL3-8B-hf/resolve/main/video_preprocessor_config.json "HTTP/1.1 404 Not Found"
[2026-04-06 15:40:04,001][httpx][INFO] - HTTP Request: GET https://huggingface.co/api/models/OpenGVLab/InternVL3-8B-hf "HTTP/1.1 200 OK"
[2026-04-06 15:40:04,106][httpx][INFO] - HTTP Request: GET https://huggingface.co/api/models/OpenGVLab/InternVL3-8B-hf "HTTP/1.1 200 OK"
[2026-04-06 15:40:04,110][httpx][INFO] - HTTP Request: GET https://huggingface.co/api/models/OpenGVLab/InternVL3-8B-hf "HTTP/1.1 200 OK"
[2026-04-06 15:40:04,111][httpx][INFO] - HTTP Request: HEAD https://huggingface.co/OpenGVLab/InternVL3-8B-hf/resolve/main/preprocessor_config.json "HTTP/1.1 307 Temporary Redirect"
[2026-04-06 15:40:04,119][httpx][INFO] - HTTP Request: HEAD https://huggingface.co/OpenGVLab/InternVL3-8B-hf/resolve/main/processor_config.json "HTTP/1.1 307 Temporary Redirect"
[2026-04-06 15:40:04,129][httpx][INFO] - HTTP Request: HEAD https://huggingface.co/api/resolve-cache/models/OpenGVLab/InternVL3-8B-hf/259a3b64a14623c0ec91a045cb43f7c5af5fa6af/preprocessor_config.json "HTTP/1.1 200 OK"
[2026-04-06 15:40:04,137][httpx][INFO] - HTTP Request: HEAD https://huggingface.co/api/resolve-cache/models/OpenGVLab/InternVL3-8B-hf/259a3b64a14623c0ec91a045cb43f7c5af5fa6af/processor_config.json "HTTP/1.1 200 OK"
[2026-04-06 15:40:04,221][httpx][INFO] - HTTP Request: HEAD https://huggingface.co/OpenGVLab/InternVL3-8B-hf/resolve/main/processor_config.json "HTTP/1.1 307 Temporary Redirect"
[2026-04-06 15:40:04,223][httpx][INFO] - HTTP Request: HEAD https://huggingface.co/OpenGVLab/InternVL3-8B-hf/resolve/main/processor_config.json "HTTP/1.1 307 Temporary Redirect"
[2026-04-06 15:40:04,239][httpx][INFO] - HTTP Request: HEAD https://huggingface.co/OpenGVLab/InternVL3-8B-hf/resolve/main/config.json "HTTP/1.1 307 Temporary Redirect"
[2026-04-06 15:40:04,241][httpx][INFO] - HTTP Request: HEAD https://huggingface.co/api/resolve-cache/models/OpenGVLab/InternVL3-8B-hf/259a3b64a14623c0ec91a045cb43f7c5af5fa6af/processor_config.json "HTTP/1.1 200 OK"
[2026-04-06 15:40:04,241][httpx][INFO] - HTTP Request: HEAD https://huggingface.co/api/resolve-cache/models/OpenGVLab/InternVL3-8B-hf/259a3b64a14623c0ec91a045cb43f7c5af5fa6af/processor_config.json "HTTP/1.1 200 OK"
[2026-04-06 15:40:04,248][httpx][INFO] - HTTP Request: HEAD https://huggingface.co/OpenGVLab/InternVL3-8B-hf/resolve/main/video_preprocessor_config.json "HTTP/1.1 404 Not Found"
[2026-04-06 15:40:04,258][httpx][INFO] - HTTP Request: HEAD https://huggingface.co/api/resolve-cache/models/OpenGVLab/InternVL3-8B-hf/259a3b64a14623c0ec91a045cb43f7c5af5fa6af/config.json "HTTP/1.1 200 OK"
[2026-04-06 15:40:04,356][httpx][INFO] - HTTP Request: HEAD https://huggingface.co/OpenGVLab/InternVL3-8B-hf/resolve/main/video_preprocessor_config.json "HTTP/1.1 404 Not Found"
[2026-04-06 15:40:04,368][httpx][INFO] - HTTP Request: HEAD https://huggingface.co/OpenGVLab/InternVL3-8B-hf/resolve/main/preprocessor_config.json "HTTP/1.1 307 Temporary Redirect"
[2026-04-06 15:40:04,382][httpx][INFO] - HTTP Request: HEAD https://huggingface.co/OpenGVLab/InternVL3-8B-hf/resolve/main/video_preprocessor_config.json "HTTP/1.1 404 Not Found"
[2026-04-06 15:40:04,387][httpx][INFO] - HTTP Request: HEAD https://huggingface.co/api/resolve-cache/models/OpenGVLab/InternVL3-8B-hf/259a3b64a14623c0ec91a045cb43f7c5af5fa6af/preprocessor_config.json "HTTP/1.1 200 OK"
[2026-04-06 15:40:04,455][httpx][INFO] - HTTP Request: HEAD https://huggingface.co/OpenGVLab/InternVL3-8B-hf/resolve/main/processor_config.json "HTTP/1.1 307 Temporary Redirect"
[2026-04-06 15:40:04,473][httpx][INFO] - HTTP Request: HEAD https://huggingface.co/api/resolve-cache/models/OpenGVLab/InternVL3-8B-hf/259a3b64a14623c0ec91a045cb43f7c5af5fa6af/processor_config.json "HTTP/1.1 200 OK"
[2026-04-06 15:40:04,480][httpx][INFO] - HTTP Request: HEAD https://huggingface.co/OpenGVLab/InternVL3-8B-hf/resolve/main/preprocessor_config.json "HTTP/1.1 307 Temporary Redirect"
[2026-04-06 15:40:04,499][httpx][INFO] - HTTP Request: HEAD https://huggingface.co/api/resolve-cache/models/OpenGVLab/InternVL3-8B-hf/259a3b64a14623c0ec91a045cb43f7c5af5fa6af/preprocessor_config.json "HTTP/1.1 200 OK"
[2026-04-06 15:40:04,500][httpx][INFO] - HTTP Request: HEAD https://huggingface.co/OpenGVLab/InternVL3-8B-hf/resolve/main/config.json "HTTP/1.1 307 Temporary Redirect"
[2026-04-06 15:40:04,502][httpx][INFO] - HTTP Request: HEAD https://huggingface.co/OpenGVLab/InternVL3-8B-hf/resolve/main/preprocessor_config.json "HTTP/1.1 307 Temporary Redirect"
[2026-04-06 15:40:04,519][httpx][INFO] - HTTP Request: HEAD https://huggingface.co/api/resolve-cache/models/OpenGVLab/InternVL3-8B-hf/259a3b64a14623c0ec91a045cb43f7c5af5fa6af/config.json "HTTP/1.1 200 OK"
[2026-04-06 15:40:04,521][httpx][INFO] - HTTP Request: HEAD https://huggingface.co/api/resolve-cache/models/OpenGVLab/InternVL3-8B-hf/259a3b64a14623c0ec91a045cb43f7c5af5fa6af/preprocessor_config.json "HTTP/1.1 200 OK"
[2026-04-06 15:40:04,586][httpx][INFO] - HTTP Request: HEAD https://huggingface.co/OpenGVLab/InternVL3-8B-hf/resolve/main/video_preprocessor_config.json "HTTP/1.1 404 Not Found"
[2026-04-06 15:40:04,615][httpx][INFO] - HTTP Request: HEAD https://huggingface.co/OpenGVLab/InternVL3-8B-hf/resolve/main/config.json "HTTP/1.1 307 Temporary Redirect"
[2026-04-06 15:40:04,634][httpx][INFO] - HTTP Request: HEAD https://huggingface.co/api/resolve-cache/models/OpenGVLab/InternVL3-8B-hf/259a3b64a14623c0ec91a045cb43f7c5af5fa6af/config.json "HTTP/1.1 200 OK"
[2026-04-06 15:40:04,634][httpx][INFO] - HTTP Request: HEAD https://huggingface.co/OpenGVLab/InternVL3-8B-hf/resolve/main/config.json "HTTP/1.1 307 Temporary Redirect"
[2026-04-06 15:40:04,646][httpx][INFO] - HTTP Request: HEAD https://huggingface.co/OpenGVLab/InternVL3-8B-hf/resolve/main/processor_config.json "HTTP/1.1 307 Temporary Redirect"
[2026-04-06 15:40:04,653][httpx][INFO] - HTTP Request: HEAD https://huggingface.co/api/resolve-cache/models/OpenGVLab/InternVL3-8B-hf/259a3b64a14623c0ec91a045cb43f7c5af5fa6af/config.json "HTTP/1.1 200 OK"
[2026-04-06 15:40:04,664][httpx][INFO] - HTTP Request: HEAD https://huggingface.co/api/resolve-cache/models/OpenGVLab/InternVL3-8B-hf/259a3b64a14623c0ec91a045cb43f7c5af5fa6af/processor_config.json "HTTP/1.1 200 OK"
[2026-04-06 15:40:04,703][httpx][INFO] - HTTP Request: HEAD https://huggingface.co/OpenGVLab/InternVL3-8B-hf/resolve/main/preprocessor_config.json "HTTP/1.1 307 Temporary Redirect"
[2026-04-06 15:40:04,722][httpx][INFO] - HTTP Request: HEAD https://huggingface.co/api/resolve-cache/models/OpenGVLab/InternVL3-8B-hf/259a3b64a14623c0ec91a045cb43f7c5af5fa6af/preprocessor_config.json "HTTP/1.1 200 OK"
[2026-04-06 15:40:04,777][httpx][INFO] - HTTP Request: HEAD https://huggingface.co/OpenGVLab/InternVL3-8B-hf/resolve/main/video_preprocessor_config.json "HTTP/1.1 404 Not Found"
[2026-04-06 15:40:04,829][httpx][INFO] - HTTP Request: HEAD https://huggingface.co/OpenGVLab/InternVL3-8B-hf/resolve/main/processor_config.json "HTTP/1.1 307 Temporary Redirect"
[2026-04-06 15:40:04,836][httpx][INFO] - HTTP Request: HEAD https://huggingface.co/OpenGVLab/InternVL3-8B-hf/resolve/main/config.json "HTTP/1.1 307 Temporary Redirect"
[2026-04-06 15:40:04,848][httpx][INFO] - HTTP Request: HEAD https://huggingface.co/api/resolve-cache/models/OpenGVLab/InternVL3-8B-hf/259a3b64a14623c0ec91a045cb43f7c5af5fa6af/processor_config.json "HTTP/1.1 200 OK"
[2026-04-06 15:40:04,855][httpx][INFO] - HTTP Request: HEAD https://huggingface.co/api/resolve-cache/models/OpenGVLab/InternVL3-8B-hf/259a3b64a14623c0ec91a045cb43f7c5af5fa6af/config.json "HTTP/1.1 200 OK"
[2026-04-06 15:40:04,871][httpx][INFO] - HTTP Request: HEAD https://huggingface.co/OpenGVLab/InternVL3-8B-hf/resolve/main/processor_config.json "HTTP/1.1 307 Temporary Redirect"
[2026-04-06 15:40:04,891][httpx][INFO] - HTTP Request: HEAD https://huggingface.co/api/resolve-cache/models/OpenGVLab/InternVL3-8B-hf/259a3b64a14623c0ec91a045cb43f7c5af5fa6af/processor_config.json "HTTP/1.1 200 OK"
[2026-04-06 15:40:04,901][httpx][INFO] - HTTP Request: HEAD https://huggingface.co/OpenGVLab/InternVL3-8B-hf/resolve/main/preprocessor_config.json "HTTP/1.1 307 Temporary Redirect"
[2026-04-06 15:40:04,922][httpx][INFO] - HTTP Request: HEAD https://huggingface.co/api/resolve-cache/models/OpenGVLab/InternVL3-8B-hf/259a3b64a14623c0ec91a045cb43f7c5af5fa6af/preprocessor_config.json "HTTP/1.1 200 OK"
[2026-04-06 15:40:04,961][httpx][INFO] - HTTP Request: HEAD https://huggingface.co/OpenGVLab/InternVL3-8B-hf/resolve/main/video_preprocessor_config.json "HTTP/1.1 404 Not Found"
[2026-04-06 15:40:04,971][httpx][INFO] - HTTP Request: HEAD https://huggingface.co/OpenGVLab/InternVL3-8B-hf/resolve/main/config.json "HTTP/1.1 307 Temporary Redirect"
[2026-04-06 15:40:04,990][httpx][INFO] - HTTP Request: HEAD https://huggingface.co/api/resolve-cache/models/OpenGVLab/InternVL3-8B-hf/259a3b64a14623c0ec91a045cb43f7c5af5fa6af/config.json "HTTP/1.1 200 OK"
[2026-04-06 15:40:05,017][httpx][INFO] - HTTP Request: HEAD https://huggingface.co/OpenGVLab/InternVL3-8B-hf/resolve/main/video_preprocessor_config.json "HTTP/1.1 404 Not Found"
[2026-04-06 15:40:05,043][httpx][INFO] - HTTP Request: HEAD https://huggingface.co/OpenGVLab/InternVL3-8B-hf/resolve/main/config.json "HTTP/1.1 307 Temporary Redirect"
[2026-04-06 15:40:05,062][httpx][INFO] - HTTP Request: HEAD https://huggingface.co/api/resolve-cache/models/OpenGVLab/InternVL3-8B-hf/259a3b64a14623c0ec91a045cb43f7c5af5fa6af/config.json "HTTP/1.1 200 OK"
[2026-04-06 15:40:05,082][httpx][INFO] - HTTP Request: HEAD https://huggingface.co/OpenGVLab/InternVL3-8B-hf/resolve/main/preprocessor_config.json "HTTP/1.1 307 Temporary Redirect"
[2026-04-06 15:40:05,101][httpx][INFO] - HTTP Request: HEAD https://huggingface.co/api/resolve-cache/models/OpenGVLab/InternVL3-8B-hf/259a3b64a14623c0ec91a045cb43f7c5af5fa6af/preprocessor_config.json "HTTP/1.1 200 OK"
[2026-04-06 15:40:05,129][httpx][INFO] - HTTP Request: HEAD https://huggingface.co/OpenGVLab/InternVL3-8B-hf/resolve/main/model.safetensors "HTTP/1.1 404 Not Found"
[2026-04-06 15:40:05,137][httpx][INFO] - HTTP Request: HEAD https://huggingface.co/OpenGVLab/InternVL3-8B-hf/resolve/main/preprocessor_config.json "HTTP/1.1 307 Temporary Redirect"
[2026-04-06 15:40:05,155][httpx][INFO] - HTTP Request: HEAD https://huggingface.co/api/resolve-cache/models/OpenGVLab/InternVL3-8B-hf/259a3b64a14623c0ec91a045cb43f7c5af5fa6af/preprocessor_config.json "HTTP/1.1 200 OK"
[2026-04-06 15:40:05,175][httpx][INFO] - HTTP Request: HEAD https://huggingface.co/OpenGVLab/InternVL3-8B-hf/resolve/main/config.json "HTTP/1.1 307 Temporary Redirect"
[2026-04-06 15:40:05,193][httpx][INFO] - HTTP Request: HEAD https://huggingface.co/api/resolve-cache/models/OpenGVLab/InternVL3-8B-hf/259a3b64a14623c0ec91a045cb43f7c5af5fa6af/config.json "HTTP/1.1 200 OK"
[2026-04-06 15:40:05,274][httpx][INFO] - HTTP Request: HEAD https://huggingface.co/OpenGVLab/InternVL3-8B-hf/resolve/main/model.safetensors.index.json "HTTP/1.1 307 Temporary Redirect"
[2026-04-06 15:40:05,279][httpx][INFO] - HTTP Request: HEAD https://huggingface.co/OpenGVLab/InternVL3-8B-hf/resolve/main/config.json "HTTP/1.1 307 Temporary Redirect"
[2026-04-06 15:40:05,292][httpx][INFO] - HTTP Request: HEAD https://huggingface.co/api/resolve-cache/models/OpenGVLab/InternVL3-8B-hf/259a3b64a14623c0ec91a045cb43f7c5af5fa6af/model.safetensors.index.json "HTTP/1.1 200 OK"
[2026-04-06 15:40:05,299][httpx][INFO] - HTTP Request: HEAD https://huggingface.co/api/resolve-cache/models/OpenGVLab/InternVL3-8B-hf/259a3b64a14623c0ec91a045cb43f7c5af5fa6af/config.json "HTTP/1.1 200 OK"
[2026-04-06 15:40:05,329][httpx][INFO] - HTTP Request: HEAD https://huggingface.co/OpenGVLab/InternVL3-8B-hf/resolve/main/model.safetensors "HTTP/1.1 404 Not Found"
[2026-04-06 15:40:05,412][httpx][INFO] - HTTP Request: GET https://huggingface.co/api/models/OpenGVLab/InternVL3-8B-hf/revision/main "HTTP/1.1 200 OK"
[2026-04-06 15:40:05,487][httpx][INFO] - HTTP Request: HEAD https://huggingface.co/OpenGVLab/InternVL3-8B-hf/resolve/main/config.json "HTTP/1.1 307 Temporary Redirect"
[2026-04-06 15:40:05,506][httpx][INFO] - HTTP Request: HEAD https://huggingface.co/api/resolve-cache/models/OpenGVLab/InternVL3-8B-hf/259a3b64a14623c0ec91a045cb43f7c5af5fa6af/config.json "HTTP/1.1 200 OK"
[2026-04-06 15:40:05,621][httpx][INFO] - HTTP Request: HEAD https://huggingface.co/OpenGVLab/InternVL3-8B-hf/resolve/main/model.safetensors.index.json "HTTP/1.1 307 Temporary Redirect"
[2026-04-06 15:40:05,634][httpx][INFO] - HTTP Request: HEAD https://huggingface.co/OpenGVLab/InternVL3-8B-hf/resolve/main/model.safetensors "HTTP/1.1 404 Not Found"
[2026-04-06 15:40:05,640][httpx][INFO] - HTTP Request: HEAD https://huggingface.co/api/resolve-cache/models/OpenGVLab/InternVL3-8B-hf/259a3b64a14623c0ec91a045cb43f7c5af5fa6af/model.safetensors.index.json "HTTP/1.1 200 OK"
[2026-04-06 15:40:05,765][httpx][INFO] - HTTP Request: GET https://huggingface.co/api/models/OpenGVLab/InternVL3-8B-hf/revision/main "HTTP/1.1 200 OK"
[2026-04-06 15:40:05,777][httpx][INFO] - HTTP Request: HEAD https://huggingface.co/OpenGVLab/InternVL3-8B-hf/resolve/main/model.safetensors.index.json "HTTP/1.1 307 Temporary Redirect"
[2026-04-06 15:40:05,796][httpx][INFO] - HTTP Request: HEAD https://huggingface.co/api/resolve-cache/models/OpenGVLab/InternVL3-8B-hf/259a3b64a14623c0ec91a045cb43f7c5af5fa6af/model.safetensors.index.json "HTTP/1.1 200 OK"
[2026-04-06 15:40:05,912][httpx][INFO] - HTTP Request: GET https://huggingface.co/api/models/OpenGVLab/InternVL3-8B-hf/revision/main "HTTP/1.1 200 OK"
[2026-04-06 15:40:09,898][root][INFO] - x86_64-linux-gnu-gcc -fno-strict-overflow -Wsign-compare -DNDEBUG -g -O2 -Wall -fPIC -c /tmp/tmpnk9pu38t/test.c -o /tmp/tmpnk9pu38t/test.o
[2026-04-06 15:40:09,948][root][INFO] - x86_64-linux-gnu-gcc /tmp/tmpnk9pu38t/test.o -laio -o /tmp/tmpnk9pu38t/a.out
[2026-04-06 15:40:10,020][root][INFO] - x86_64-linux-gnu-gcc -fno-strict-overflow -Wsign-compare -DNDEBUG -g -O2 -Wall -fPIC -c /tmp/tmpvum49chx/test.c -o /tmp/tmpvum49chx/test.o
[2026-04-06 15:40:10,065][root][INFO] - x86_64-linux-gnu-gcc /tmp/tmpvum49chx/test.o -L/usr/local/cuda -L/usr/local/cuda/lib64 -lcufile -o /tmp/tmpvum49chx/a.out
[2026-04-06 15:40:10,164][root][INFO] - x86_64-linux-gnu-gcc -fno-strict-overflow -Wsign-compare -DNDEBUG -g -O2 -Wall -fPIC -c /tmp/tmp9vr2va2y/test.c -o /tmp/tmp9vr2va2y/test.o
[2026-04-06 15:40:10,365][root][INFO] - x86_64-linux-gnu-gcc /tmp/tmp9vr2va2y/test.o -laio -o /tmp/tmp9vr2va2y/a.out
[2026-04-06 15:40:11,981][httpx][INFO] - HTTP Request: HEAD https://huggingface.co/OpenGVLab/InternVL3-8B-hf/resolve/main/generation_config.json "HTTP/1.1 307 Temporary Redirect"
[2026-04-06 15:40:11,982][httpx][INFO] - HTTP Request: HEAD https://huggingface.co/OpenGVLab/InternVL3-8B-hf/resolve/main/generation_config.json "HTTP/1.1 307 Temporary Redirect"
[2026-04-06 15:40:12,002][httpx][INFO] - HTTP Request: HEAD https://huggingface.co/api/resolve-cache/models/OpenGVLab/InternVL3-8B-hf/259a3b64a14623c0ec91a045cb43f7c5af5fa6af/generation_config.json "HTTP/1.1 200 OK"
[2026-04-06 15:40:12,003][httpx][INFO] - HTTP Request: HEAD https://huggingface.co/api/resolve-cache/models/OpenGVLab/InternVL3-8B-hf/259a3b64a14623c0ec91a045cb43f7c5af5fa6af/generation_config.json "HTTP/1.1 200 OK"
[2026-04-06 15:40:12,004][httpx][INFO] - HTTP Request: HEAD https://huggingface.co/OpenGVLab/InternVL3-8B-hf/resolve/main/generation_config.json "HTTP/1.1 307 Temporary Redirect"
[2026-04-06 15:40:12,023][httpx][INFO] - HTTP Request: HEAD https://huggingface.co/api/resolve-cache/models/OpenGVLab/InternVL3-8B-hf/259a3b64a14623c0ec91a045cb43f7c5af5fa6af/generation_config.json "HTTP/1.1 200 OK"
[2026-04-06 15:40:15,133][root][INFO] - x86_64-linux-gnu-gcc -fno-strict-overflow -Wsign-compare -DNDEBUG -g -O2 -Wall -fPIC -c /tmp/tmpkd5fvwe1/test.c -o /tmp/tmpkd5fvwe1/test.o
[2026-04-06 15:40:15,145][root][INFO] - x86_64-linux-gnu-gcc -fno-strict-overflow -Wsign-compare -DNDEBUG -g -O2 -Wall -fPIC -c /tmp/tmp9n8jrses/test.c -o /tmp/tmp9n8jrses/test.o
[2026-04-06 15:40:15,166][root][INFO] - x86_64-linux-gnu-gcc /tmp/tmpkd5fvwe1/test.o -laio -o /tmp/tmpkd5fvwe1/a.out
[2026-04-06 15:40:15,179][root][INFO] - x86_64-linux-gnu-gcc /tmp/tmp9n8jrses/test.o -laio -o /tmp/tmp9n8jrses/a.out
[2026-04-06 15:40:15,210][root][INFO] - x86_64-linux-gnu-gcc -fno-strict-overflow -Wsign-compare -DNDEBUG -g -O2 -Wall -fPIC -c /tmp/tmp77m35uhc/test.c -o /tmp/tmp77m35uhc/test.o
[2026-04-06 15:40:15,302][root][INFO] - x86_64-linux-gnu-gcc -fno-strict-overflow -Wsign-compare -DNDEBUG -g -O2 -Wall -fPIC -c /tmp/tmp9wqqomw5/test.c -o /tmp/tmp9wqqomw5/test.o
[2026-04-06 15:40:15,354][root][INFO] - x86_64-linux-gnu-gcc -fno-strict-overflow -Wsign-compare -DNDEBUG -g -O2 -Wall -fPIC -c /tmp/tmp55_yttwj/test.c -o /tmp/tmp55_yttwj/test.o
[2026-04-06 15:40:15,358][root][INFO] - x86_64-linux-gnu-gcc /tmp/tmp77m35uhc/test.o -laio -o /tmp/tmp77m35uhc/a.out
[2026-04-06 15:40:15,370][root][INFO] - x86_64-linux-gnu-gcc /tmp/tmp9wqqomw5/test.o -L/usr/local/cuda -L/usr/local/cuda/lib64 -lcufile -o /tmp/tmp9wqqomw5/a.out
[2026-04-06 15:40:15,381][root][INFO] - x86_64-linux-gnu-gcc /tmp/tmp55_yttwj/test.o -L/usr/local/cuda -L/usr/local/cuda/lib64 -lcufile -o /tmp/tmp55_yttwj/a.out
[2026-04-06 15:40:15,422][root][INFO] - x86_64-linux-gnu-gcc -fno-strict-overflow -Wsign-compare -DNDEBUG -g -O2 -Wall -fPIC -c /tmp/tmp1xalcm_s/test.c -o /tmp/tmp1xalcm_s/test.o
[2026-04-06 15:40:15,438][root][INFO] - x86_64-linux-gnu-gcc -fno-strict-overflow -Wsign-compare -DNDEBUG -g -O2 -Wall -fPIC -c /tmp/tmptyx1_3ns/test.c -o /tmp/tmptyx1_3ns/test.o
[2026-04-06 15:40:15,453][root][INFO] - x86_64-linux-gnu-gcc /tmp/tmp1xalcm_s/test.o -L/usr/local/cuda -L/usr/local/cuda/lib64 -lcufile -o /tmp/tmp1xalcm_s/a.out
[2026-04-06 15:40:15,465][root][INFO] - x86_64-linux-gnu-gcc -fno-strict-overflow -Wsign-compare -DNDEBUG -g -O2 -Wall -fPIC -c /tmp/tmp0_99wjfn/test.c -o /tmp/tmp0_99wjfn/test.o
[2026-04-06 15:40:15,467][root][INFO] - x86_64-linux-gnu-gcc /tmp/tmptyx1_3ns/test.o -laio -o /tmp/tmptyx1_3ns/a.out
[2026-04-06 15:40:15,494][root][INFO] - x86_64-linux-gnu-gcc /tmp/tmp0_99wjfn/test.o -laio -o /tmp/tmp0_99wjfn/a.out
[2026-04-06 15:40:15,516][root][INFO] - x86_64-linux-gnu-gcc -fno-strict-overflow -Wsign-compare -DNDEBUG -g -O2 -Wall -fPIC -c /tmp/tmpp2kotz2n/test.c -o /tmp/tmpp2kotz2n/test.o
[2026-04-06 15:40:15,546][root][INFO] - x86_64-linux-gnu-gcc /tmp/tmpp2kotz2n/test.o -laio -o /tmp/tmpp2kotz2n/a.out
[2026-04-06 15:40:30,925][httpx][INFO] - HTTP Request: HEAD https://huggingface.co/OpenGVLab/InternVL3-8B-hf/resolve/main/config.json "HTTP/1.1 307 Temporary Redirect"
[2026-04-06 15:40:30,944][httpx][INFO] - HTTP Request: HEAD https://huggingface.co/api/resolve-cache/models/OpenGVLab/InternVL3-8B-hf/259a3b64a14623c0ec91a045cb43f7c5af5fa6af/config.json "HTTP/1.1 200 OK"
[2026-04-06 15:40:31,062][httpx][INFO] - HTTP Request: HEAD https://huggingface.co/OpenGVLab/InternVL3-8B-hf/resolve/main/config.json "HTTP/1.1 307 Temporary Redirect"
[2026-04-06 15:40:31,082][httpx][INFO] - HTTP Request: HEAD https://huggingface.co/api/resolve-cache/models/OpenGVLab/InternVL3-8B-hf/259a3b64a14623c0ec91a045cb43f7c5af5fa6af/config.json "HTTP/1.1 200 OK"
[2026-04-06 15:40:31,212][httpx][INFO] - HTTP Request: HEAD https://huggingface.co/OpenGVLab/InternVL3-8B-hf/resolve/main/model.safetensors "HTTP/1.1 404 Not Found"
[2026-04-06 15:40:31,332][httpx][INFO] - HTTP Request: HEAD https://huggingface.co/OpenGVLab/InternVL3-8B-hf/resolve/main/model.safetensors.index.json "HTTP/1.1 307 Temporary Redirect"
[2026-04-06 15:40:31,351][httpx][INFO] - HTTP Request: HEAD https://huggingface.co/api/resolve-cache/models/OpenGVLab/InternVL3-8B-hf/259a3b64a14623c0ec91a045cb43f7c5af5fa6af/model.safetensors.index.json "HTTP/1.1 200 OK"
[2026-04-06 15:40:31,469][httpx][INFO] - HTTP Request: GET https://huggingface.co/api/models/OpenGVLab/InternVL3-8B-hf/revision/main "HTTP/1.1 200 OK"
[2026-04-06 15:40:32,156][httpx][INFO] - HTTP Request: HEAD https://huggingface.co/OpenGVLab/InternVL3-8B-hf/resolve/main/generation_config.json "HTTP/1.1 307 Temporary Redirect"
[2026-04-06 15:40:32,176][httpx][INFO] - HTTP Request: HEAD https://huggingface.co/api/resolve-cache/models/OpenGVLab/InternVL3-8B-hf/259a3b64a14623c0ec91a045cb43f7c5af5fa6af/generation_config.json "HTTP/1.1 200 OK"
[2026-04-06 16:08:15,892][httpx][INFO] - HTTP Request: HEAD https://huggingface.co/OpenGVLab/InternVL3-8B-hf/resolve/main/processor_config.json "HTTP/1.1 307 Temporary Redirect"
[2026-04-06 16:08:15,911][httpx][INFO] - HTTP Request: HEAD https://huggingface.co/api/resolve-cache/models/OpenGVLab/InternVL3-8B-hf/259a3b64a14623c0ec91a045cb43f7c5af5fa6af/processor_config.json "HTTP/1.1 200 OK"
[2026-04-06 16:08:15,956][httpx][INFO] - HTTP Request: HEAD https://huggingface.co/OpenGVLab/InternVL3-8B-hf/resolve/main/processor_config.json "HTTP/1.1 307 Temporary Redirect"
[2026-04-06 16:08:15,967][httpx][INFO] - HTTP Request: HEAD https://huggingface.co/OpenGVLab/InternVL3-8B-hf/resolve/main/processor_config.json "HTTP/1.1 307 Temporary Redirect"
[2026-04-06 16:08:15,972][httpx][INFO] - HTTP Request: HEAD https://huggingface.co/OpenGVLab/InternVL3-8B-hf/resolve/main/processor_config.json "HTTP/1.1 307 Temporary Redirect"
[2026-04-06 16:08:15,974][httpx][INFO] - HTTP Request: HEAD https://huggingface.co/api/resolve-cache/models/OpenGVLab/InternVL3-8B-hf/259a3b64a14623c0ec91a045cb43f7c5af5fa6af/processor_config.json "HTTP/1.1 200 OK"
[2026-04-06 16:08:15,986][httpx][INFO] - HTTP Request: HEAD https://huggingface.co/api/resolve-cache/models/OpenGVLab/InternVL3-8B-hf/259a3b64a14623c0ec91a045cb43f7c5af5fa6af/processor_config.json "HTTP/1.1 200 OK"
[2026-04-06 16:08:15,992][httpx][INFO] - HTTP Request: HEAD https://huggingface.co/api/resolve-cache/models/OpenGVLab/InternVL3-8B-hf/259a3b64a14623c0ec91a045cb43f7c5af5fa6af/processor_config.json "HTTP/1.1 200 OK"
[2026-04-06 16:08:16,053][httpx][INFO] - HTTP Request: GET https://huggingface.co/api/models/OpenGVLab/InternVL3-8B-hf/tree/main/additional_chat_templates?recursive=false&expand=false "HTTP/1.1 404 Not Found"
[2026-04-06 16:08:16,092][httpx][INFO] - HTTP Request: GET https://huggingface.co/api/models/OpenGVLab/InternVL3-8B-hf/tree/main/additional_chat_templates?recursive=false&expand=false "HTTP/1.1 404 Not Found"
[2026-04-06 16:08:16,100][httpx][INFO] - HTTP Request: GET https://huggingface.co/api/models/OpenGVLab/InternVL3-8B-hf/tree/main/additional_chat_templates?recursive=false&expand=false "HTTP/1.1 404 Not Found"
[2026-04-06 16:08:16,107][httpx][INFO] - HTTP Request: GET https://huggingface.co/api/models/OpenGVLab/InternVL3-8B-hf/tree/main/additional_chat_templates?recursive=false&expand=false "HTTP/1.1 404 Not Found"
[2026-04-06 16:08:16,198][httpx][INFO] - HTTP Request: HEAD https://huggingface.co/OpenGVLab/InternVL3-8B-hf/resolve/main/processor_config.json "HTTP/1.1 307 Temporary Redirect"
[2026-04-06 16:08:16,208][httpx][INFO] - HTTP Request: HEAD https://huggingface.co/OpenGVLab/InternVL3-8B-hf/resolve/main/processor_config.json "HTTP/1.1 307 Temporary Redirect"
[2026-04-06 16:08:16,218][httpx][INFO] - HTTP Request: HEAD https://huggingface.co/api/resolve-cache/models/OpenGVLab/InternVL3-8B-hf/259a3b64a14623c0ec91a045cb43f7c5af5fa6af/processor_config.json "HTTP/1.1 200 OK"
[2026-04-06 16:08:16,220][httpx][INFO] - HTTP Request: HEAD https://huggingface.co/OpenGVLab/InternVL3-8B-hf/resolve/main/processor_config.json "HTTP/1.1 307 Temporary Redirect"
[2026-04-06 16:08:16,228][httpx][INFO] - HTTP Request: HEAD https://huggingface.co/api/resolve-cache/models/OpenGVLab/InternVL3-8B-hf/259a3b64a14623c0ec91a045cb43f7c5af5fa6af/processor_config.json "HTTP/1.1 200 OK"
[2026-04-06 16:08:16,241][httpx][INFO] - HTTP Request: HEAD https://huggingface.co/api/resolve-cache/models/OpenGVLab/InternVL3-8B-hf/259a3b64a14623c0ec91a045cb43f7c5af5fa6af/processor_config.json "HTTP/1.1 200 OK"
[2026-04-06 16:08:16,242][httpx][INFO] - HTTP Request: HEAD https://huggingface.co/OpenGVLab/InternVL3-8B-hf/resolve/main/processor_config.json "HTTP/1.1 307 Temporary Redirect"
[2026-04-06 16:08:16,260][httpx][INFO] - HTTP Request: HEAD https://huggingface.co/api/resolve-cache/models/OpenGVLab/InternVL3-8B-hf/259a3b64a14623c0ec91a045cb43f7c5af5fa6af/processor_config.json "HTTP/1.1 200 OK"
[2026-04-06 16:08:16,348][httpx][INFO] - HTTP Request: HEAD https://huggingface.co/OpenGVLab/InternVL3-8B-hf/resolve/main/chat_template.json "HTTP/1.1 404 Not Found"
[2026-04-06 16:08:16,377][httpx][INFO] - HTTP Request: HEAD https://huggingface.co/OpenGVLab/InternVL3-8B-hf/resolve/main/chat_template.json "HTTP/1.1 404 Not Found"
[2026-04-06 16:08:16,400][httpx][INFO] - HTTP Request: HEAD https://huggingface.co/OpenGVLab/InternVL3-8B-hf/resolve/main/chat_template.json "HTTP/1.1 404 Not Found"
[2026-04-06 16:08:16,481][httpx][INFO] - HTTP Request: HEAD https://huggingface.co/OpenGVLab/InternVL3-8B-hf/resolve/main/chat_template.jinja "HTTP/1.1 307 Temporary Redirect"
[2026-04-06 16:08:16,501][httpx][INFO] - HTTP Request: HEAD https://huggingface.co/api/resolve-cache/models/OpenGVLab/InternVL3-8B-hf/259a3b64a14623c0ec91a045cb43f7c5af5fa6af/chat_template.jinja "HTTP/1.1 200 OK"
[2026-04-06 16:08:16,521][httpx][INFO] - HTTP Request: HEAD https://huggingface.co/OpenGVLab/InternVL3-8B-hf/resolve/main/chat_template.json "HTTP/1.1 404 Not Found"
[2026-04-06 16:08:16,602][httpx][INFO] - HTTP Request: HEAD https://huggingface.co/OpenGVLab/InternVL3-8B-hf/resolve/main/chat_template.jinja "HTTP/1.1 307 Temporary Redirect"
[2026-04-06 16:08:16,611][httpx][INFO] - HTTP Request: HEAD https://huggingface.co/OpenGVLab/InternVL3-8B-hf/resolve/main/chat_template.jinja "HTTP/1.1 307 Temporary Redirect"
[2026-04-06 16:08:16,617][httpx][INFO] - HTTP Request: HEAD https://huggingface.co/OpenGVLab/InternVL3-8B-hf/resolve/main/audio_tokenizer_config.json "HTTP/1.1 404 Not Found"
[2026-04-06 16:08:16,620][httpx][INFO] - HTTP Request: HEAD https://huggingface.co/api/resolve-cache/models/OpenGVLab/InternVL3-8B-hf/259a3b64a14623c0ec91a045cb43f7c5af5fa6af/chat_template.jinja "HTTP/1.1 200 OK"
[2026-04-06 16:08:16,629][httpx][INFO] - HTTP Request: HEAD https://huggingface.co/api/resolve-cache/models/OpenGVLab/InternVL3-8B-hf/259a3b64a14623c0ec91a045cb43f7c5af5fa6af/chat_template.jinja "HTTP/1.1 200 OK"
[2026-04-06 16:08:16,740][httpx][INFO] - HTTP Request: HEAD https://huggingface.co/OpenGVLab/InternVL3-8B-hf/resolve/main/audio_tokenizer_config.json "HTTP/1.1 404 Not Found"
[2026-04-06 16:08:16,757][httpx][INFO] - HTTP Request: GET https://huggingface.co/api/models/OpenGVLab/InternVL3-8B-hf/tree/main/additional_chat_templates?recursive=false&expand=false "HTTP/1.1 404 Not Found"
[2026-04-06 16:08:16,771][httpx][INFO] - HTTP Request: HEAD https://huggingface.co/OpenGVLab/InternVL3-8B-hf/resolve/main/chat_template.jinja "HTTP/1.1 307 Temporary Redirect"
[2026-04-06 16:08:16,780][httpx][INFO] - HTTP Request: HEAD https://huggingface.co/OpenGVLab/InternVL3-8B-hf/resolve/main/audio_tokenizer_config.json "HTTP/1.1 404 Not Found"
[2026-04-06 16:08:16,790][httpx][INFO] - HTTP Request: HEAD https://huggingface.co/api/resolve-cache/models/OpenGVLab/InternVL3-8B-hf/259a3b64a14623c0ec91a045cb43f7c5af5fa6af/chat_template.jinja "HTTP/1.1 200 OK"
[2026-04-06 16:08:16,870][httpx][INFO] - HTTP Request: GET https://huggingface.co/api/models/OpenGVLab/InternVL3-8B-hf/tree/main/additional_chat_templates?recursive=false&expand=false "HTTP/1.1 404 Not Found"
[2026-04-06 16:08:16,903][httpx][INFO] - HTTP Request: HEAD https://huggingface.co/OpenGVLab/InternVL3-8B-hf/resolve/main/audio_tokenizer_config.json "HTTP/1.1 404 Not Found"
[2026-04-06 16:08:16,904][httpx][INFO] - HTTP Request: GET https://huggingface.co/api/models/OpenGVLab/InternVL3-8B-hf/tree/main/additional_chat_templates?recursive=false&expand=false "HTTP/1.1 404 Not Found"
[2026-04-06 16:08:16,964][httpx][INFO] - HTTP Request: HEAD https://huggingface.co/OpenGVLab/InternVL3-8B-hf/resolve/main/processor_config.json "HTTP/1.1 307 Temporary Redirect"
[2026-04-06 16:08:16,982][httpx][INFO] - HTTP Request: HEAD https://huggingface.co/api/resolve-cache/models/OpenGVLab/InternVL3-8B-hf/259a3b64a14623c0ec91a045cb43f7c5af5fa6af/processor_config.json "HTTP/1.1 200 OK"
[2026-04-06 16:08:16,993][httpx][INFO] - HTTP Request: HEAD https://huggingface.co/OpenGVLab/InternVL3-8B-hf/resolve/main/processor_config.json "HTTP/1.1 307 Temporary Redirect"
[2026-04-06 16:08:17,011][httpx][INFO] - HTTP Request: HEAD https://huggingface.co/api/resolve-cache/models/OpenGVLab/InternVL3-8B-hf/259a3b64a14623c0ec91a045cb43f7c5af5fa6af/processor_config.json "HTTP/1.1 200 OK"
[2026-04-06 16:08:17,027][httpx][INFO] - HTTP Request: GET https://huggingface.co/api/models/OpenGVLab/InternVL3-8B-hf/tree/main/additional_chat_templates?recursive=false&expand=false "HTTP/1.1 404 Not Found"
[2026-04-06 16:08:17,058][httpx][INFO] - HTTP Request: HEAD https://huggingface.co/OpenGVLab/InternVL3-8B-hf/resolve/main/processor_config.json "HTTP/1.1 307 Temporary Redirect"
[2026-04-06 16:08:17,076][httpx][INFO] - HTTP Request: HEAD https://huggingface.co/api/resolve-cache/models/OpenGVLab/InternVL3-8B-hf/259a3b64a14623c0ec91a045cb43f7c5af5fa6af/processor_config.json "HTTP/1.1 200 OK"
[2026-04-06 16:08:17,095][httpx][INFO] - HTTP Request: HEAD https://huggingface.co/OpenGVLab/InternVL3-8B-hf/resolve/main/chat_template.json "HTTP/1.1 404 Not Found"
[2026-04-06 16:08:17,129][httpx][INFO] - HTTP Request: HEAD https://huggingface.co/OpenGVLab/InternVL3-8B-hf/resolve/main/chat_template.json "HTTP/1.1 404 Not Found"
[2026-04-06 16:08:17,146][httpx][INFO] - HTTP Request: HEAD https://huggingface.co/OpenGVLab/InternVL3-8B-hf/resolve/main/processor_config.json "HTTP/1.1 307 Temporary Redirect"
[2026-04-06 16:08:17,166][httpx][INFO] - HTTP Request: HEAD https://huggingface.co/api/resolve-cache/models/OpenGVLab/InternVL3-8B-hf/259a3b64a14623c0ec91a045cb43f7c5af5fa6af/processor_config.json "HTTP/1.1 200 OK"
[2026-04-06 16:08:17,188][httpx][INFO] - HTTP Request: HEAD https://huggingface.co/OpenGVLab/InternVL3-8B-hf/resolve/main/chat_template.json "HTTP/1.1 404 Not Found"
[2026-04-06 16:08:17,276][httpx][INFO] - HTTP Request: HEAD https://huggingface.co/OpenGVLab/InternVL3-8B-hf/resolve/main/chat_template.json "HTTP/1.1 404 Not Found"
[2026-04-06 16:08:17,340][httpx][INFO] - HTTP Request: HEAD https://huggingface.co/OpenGVLab/InternVL3-8B-hf/resolve/main/chat_template.jinja "HTTP/1.1 307 Temporary Redirect"
[2026-04-06 16:08:17,360][httpx][INFO] - HTTP Request: HEAD https://huggingface.co/api/resolve-cache/models/OpenGVLab/InternVL3-8B-hf/259a3b64a14623c0ec91a045cb43f7c5af5fa6af/chat_template.jinja "HTTP/1.1 200 OK"
[2026-04-06 16:08:17,423][httpx][INFO] - HTTP Request: HEAD https://huggingface.co/OpenGVLab/InternVL3-8B-hf/resolve/main/chat_template.jinja "HTTP/1.1 307 Temporary Redirect"
[2026-04-06 16:08:17,430][httpx][INFO] - HTTP Request: HEAD https://huggingface.co/OpenGVLab/InternVL3-8B-hf/resolve/main/chat_template.jinja "HTTP/1.1 307 Temporary Redirect"
[2026-04-06 16:08:17,442][httpx][INFO] - HTTP Request: HEAD https://huggingface.co/api/resolve-cache/models/OpenGVLab/InternVL3-8B-hf/259a3b64a14623c0ec91a045cb43f7c5af5fa6af/chat_template.jinja "HTTP/1.1 200 OK"
[2026-04-06 16:08:17,449][httpx][INFO] - HTTP Request: HEAD https://huggingface.co/api/resolve-cache/models/OpenGVLab/InternVL3-8B-hf/259a3b64a14623c0ec91a045cb43f7c5af5fa6af/chat_template.jinja "HTTP/1.1 200 OK"
[2026-04-06 16:08:17,534][httpx][INFO] - HTTP Request: HEAD https://huggingface.co/OpenGVLab/InternVL3-8B-hf/resolve/main/chat_template.jinja "HTTP/1.1 307 Temporary Redirect"
[2026-04-06 16:08:17,553][httpx][INFO] - HTTP Request: HEAD https://huggingface.co/api/resolve-cache/models/OpenGVLab/InternVL3-8B-hf/259a3b64a14623c0ec91a045cb43f7c5af5fa6af/chat_template.jinja "HTTP/1.1 200 OK"
[2026-04-06 16:08:17,555][httpx][INFO] - HTTP Request: HEAD https://huggingface.co/OpenGVLab/InternVL3-8B-hf/resolve/main/audio_tokenizer_config.json "HTTP/1.1 404 Not Found"
[2026-04-06 16:08:17,597][httpx][INFO] - HTTP Request: HEAD https://huggingface.co/OpenGVLab/InternVL3-8B-hf/resolve/main/audio_tokenizer_config.json "HTTP/1.1 404 Not Found"
[2026-04-06 16:08:17,606][httpx][INFO] - HTTP Request: HEAD https://huggingface.co/OpenGVLab/InternVL3-8B-hf/resolve/main/audio_tokenizer_config.json "HTTP/1.1 404 Not Found"
[2026-04-06 16:08:17,668][httpx][INFO] - HTTP Request: HEAD https://huggingface.co/OpenGVLab/InternVL3-8B-hf/resolve/main/audio_tokenizer_config.json "HTTP/1.1 404 Not Found"
[2026-04-06 16:08:17,672][httpx][INFO] - HTTP Request: HEAD https://huggingface.co/OpenGVLab/InternVL3-8B-hf/resolve/main/processor_config.json "HTTP/1.1 307 Temporary Redirect"
[2026-04-06 16:08:17,690][httpx][INFO] - HTTP Request: HEAD https://huggingface.co/api/resolve-cache/models/OpenGVLab/InternVL3-8B-hf/259a3b64a14623c0ec91a045cb43f7c5af5fa6af/processor_config.json "HTTP/1.1 200 OK"
[2026-04-06 16:08:17,714][httpx][INFO] - HTTP Request: HEAD https://huggingface.co/OpenGVLab/InternVL3-8B-hf/resolve/main/processor_config.json "HTTP/1.1 307 Temporary Redirect"
[2026-04-06 16:08:17,733][httpx][INFO] - HTTP Request: HEAD https://huggingface.co/api/resolve-cache/models/OpenGVLab/InternVL3-8B-hf/259a3b64a14623c0ec91a045cb43f7c5af5fa6af/processor_config.json "HTTP/1.1 200 OK"
[2026-04-06 16:08:17,790][httpx][INFO] - HTTP Request: HEAD https://huggingface.co/OpenGVLab/InternVL3-8B-hf/resolve/main/processor_config.json "HTTP/1.1 307 Temporary Redirect"
[2026-04-06 16:08:17,807][httpx][INFO] - HTTP Request: HEAD https://huggingface.co/OpenGVLab/InternVL3-8B-hf/resolve/main/preprocessor_config.json "HTTP/1.1 307 Temporary Redirect"
[2026-04-06 16:08:17,808][httpx][INFO] - HTTP Request: HEAD https://huggingface.co/api/resolve-cache/models/OpenGVLab/InternVL3-8B-hf/259a3b64a14623c0ec91a045cb43f7c5af5fa6af/processor_config.json "HTTP/1.1 200 OK"
[2026-04-06 16:08:17,828][httpx][INFO] - HTTP Request: HEAD https://huggingface.co/api/resolve-cache/models/OpenGVLab/InternVL3-8B-hf/259a3b64a14623c0ec91a045cb43f7c5af5fa6af/preprocessor_config.json "HTTP/1.1 200 OK"
[2026-04-06 16:08:17,838][httpx][INFO] - HTTP Request: HEAD https://huggingface.co/OpenGVLab/InternVL3-8B-hf/resolve/main/processor_config.json "HTTP/1.1 307 Temporary Redirect"
[2026-04-06 16:08:17,846][httpx][INFO] - HTTP Request: HEAD https://huggingface.co/OpenGVLab/InternVL3-8B-hf/resolve/main/preprocessor_config.json "HTTP/1.1 307 Temporary Redirect"
[2026-04-06 16:08:17,856][httpx][INFO] - HTTP Request: HEAD https://huggingface.co/api/resolve-cache/models/OpenGVLab/InternVL3-8B-hf/259a3b64a14623c0ec91a045cb43f7c5af5fa6af/processor_config.json "HTTP/1.1 200 OK"
[2026-04-06 16:08:17,864][httpx][INFO] - HTTP Request: HEAD https://huggingface.co/api/resolve-cache/models/OpenGVLab/InternVL3-8B-hf/259a3b64a14623c0ec91a045cb43f7c5af5fa6af/preprocessor_config.json "HTTP/1.1 200 OK"
[2026-04-06 16:08:17,921][httpx][INFO] - HTTP Request: HEAD https://huggingface.co/OpenGVLab/InternVL3-8B-hf/resolve/main/preprocessor_config.json "HTTP/1.1 307 Temporary Redirect"
[2026-04-06 16:08:17,939][httpx][INFO] - HTTP Request: HEAD https://huggingface.co/api/resolve-cache/models/OpenGVLab/InternVL3-8B-hf/259a3b64a14623c0ec91a045cb43f7c5af5fa6af/preprocessor_config.json "HTTP/1.1 200 OK"
[2026-04-06 16:08:17,979][httpx][INFO] - HTTP Request: HEAD https://huggingface.co/OpenGVLab/InternVL3-8B-hf/resolve/main/processor_config.json "HTTP/1.1 307 Temporary Redirect"
[2026-04-06 16:08:17,997][httpx][INFO] - HTTP Request: HEAD https://huggingface.co/api/resolve-cache/models/OpenGVLab/InternVL3-8B-hf/259a3b64a14623c0ec91a045cb43f7c5af5fa6af/processor_config.json "HTTP/1.1 200 OK"
[2026-04-06 16:08:18,055][httpx][INFO] - HTTP Request: HEAD https://huggingface.co/OpenGVLab/InternVL3-8B-hf/resolve/main/processor_config.json "HTTP/1.1 307 Temporary Redirect"
[2026-04-06 16:08:18,073][httpx][INFO] - HTTP Request: HEAD https://huggingface.co/api/resolve-cache/models/OpenGVLab/InternVL3-8B-hf/259a3b64a14623c0ec91a045cb43f7c5af5fa6af/processor_config.json "HTTP/1.1 200 OK"
[2026-04-06 16:08:18,074][httpx][INFO] - HTTP Request: HEAD https://huggingface.co/OpenGVLab/InternVL3-8B-hf/resolve/main/preprocessor_config.json "HTTP/1.1 307 Temporary Redirect"
[2026-04-06 16:08:18,092][httpx][INFO] - HTTP Request: HEAD https://huggingface.co/api/resolve-cache/models/OpenGVLab/InternVL3-8B-hf/259a3b64a14623c0ec91a045cb43f7c5af5fa6af/preprocessor_config.json "HTTP/1.1 200 OK"
[2026-04-06 16:08:18,113][httpx][INFO] - HTTP Request: HEAD https://huggingface.co/OpenGVLab/InternVL3-8B-hf/resolve/main/processor_config.json "HTTP/1.1 307 Temporary Redirect"
[2026-04-06 16:08:18,116][httpx][INFO] - HTTP Request: HEAD https://huggingface.co/OpenGVLab/InternVL3-8B-hf/resolve/main/preprocessor_config.json "HTTP/1.1 307 Temporary Redirect"
[2026-04-06 16:08:18,131][httpx][INFO] - HTTP Request: HEAD https://huggingface.co/api/resolve-cache/models/OpenGVLab/InternVL3-8B-hf/259a3b64a14623c0ec91a045cb43f7c5af5fa6af/processor_config.json "HTTP/1.1 200 OK"
[2026-04-06 16:08:18,135][httpx][INFO] - HTTP Request: HEAD https://huggingface.co/api/resolve-cache/models/OpenGVLab/InternVL3-8B-hf/259a3b64a14623c0ec91a045cb43f7c5af5fa6af/preprocessor_config.json "HTTP/1.1 200 OK"
[2026-04-06 16:08:18,220][httpx][INFO] - HTTP Request: HEAD https://huggingface.co/OpenGVLab/InternVL3-8B-hf/resolve/main/processor_config.json "HTTP/1.1 307 Temporary Redirect"
[2026-04-06 16:08:18,238][httpx][INFO] - HTTP Request: HEAD https://huggingface.co/api/resolve-cache/models/OpenGVLab/InternVL3-8B-hf/259a3b64a14623c0ec91a045cb43f7c5af5fa6af/processor_config.json "HTTP/1.1 200 OK"
[2026-04-06 16:08:18,242][httpx][INFO] - HTTP Request: HEAD https://huggingface.co/OpenGVLab/InternVL3-8B-hf/resolve/main/preprocessor_config.json "HTTP/1.1 307 Temporary Redirect"
[2026-04-06 16:08:18,259][httpx][INFO] - HTTP Request: HEAD https://huggingface.co/api/resolve-cache/models/OpenGVLab/InternVL3-8B-hf/259a3b64a14623c0ec91a045cb43f7c5af5fa6af/preprocessor_config.json "HTTP/1.1 200 OK"
[2026-04-06 16:08:18,294][httpx][INFO] - HTTP Request: HEAD https://huggingface.co/OpenGVLab/InternVL3-8B-hf/resolve/main/config.json "HTTP/1.1 307 Temporary Redirect"
[2026-04-06 16:08:18,312][httpx][INFO] - HTTP Request: HEAD https://huggingface.co/api/resolve-cache/models/OpenGVLab/InternVL3-8B-hf/259a3b64a14623c0ec91a045cb43f7c5af5fa6af/config.json "HTTP/1.1 200 OK"
[2026-04-06 16:08:18,350][httpx][INFO] - HTTP Request: HEAD https://huggingface.co/OpenGVLab/InternVL3-8B-hf/resolve/main/preprocessor_config.json "HTTP/1.1 307 Temporary Redirect"
[2026-04-06 16:08:18,358][httpx][INFO] - HTTP Request: HEAD https://huggingface.co/OpenGVLab/InternVL3-8B-hf/resolve/main/preprocessor_config.json "HTTP/1.1 307 Temporary Redirect"
[2026-04-06 16:08:18,370][httpx][INFO] - HTTP Request: HEAD https://huggingface.co/api/resolve-cache/models/OpenGVLab/InternVL3-8B-hf/259a3b64a14623c0ec91a045cb43f7c5af5fa6af/preprocessor_config.json "HTTP/1.1 200 OK"
[2026-04-06 16:08:18,374][httpx][INFO] - HTTP Request: HEAD https://huggingface.co/OpenGVLab/InternVL3-8B-hf/resolve/main/config.json "HTTP/1.1 307 Temporary Redirect"
[2026-04-06 16:08:18,377][httpx][INFO] - HTTP Request: HEAD https://huggingface.co/api/resolve-cache/models/OpenGVLab/InternVL3-8B-hf/259a3b64a14623c0ec91a045cb43f7c5af5fa6af/preprocessor_config.json "HTTP/1.1 200 OK"
[2026-04-06 16:08:18,392][httpx][INFO] - HTTP Request: HEAD https://huggingface.co/api/resolve-cache/models/OpenGVLab/InternVL3-8B-hf/259a3b64a14623c0ec91a045cb43f7c5af5fa6af/config.json "HTTP/1.1 200 OK"
[2026-04-06 16:08:18,491][httpx][INFO] - HTTP Request: HEAD https://huggingface.co/OpenGVLab/InternVL3-8B-hf/resolve/main/config.json "HTTP/1.1 307 Temporary Redirect"
[2026-04-06 16:08:18,493][httpx][INFO] - HTTP Request: HEAD https://huggingface.co/OpenGVLab/InternVL3-8B-hf/resolve/main/tokenizer_config.json "HTTP/1.1 307 Temporary Redirect"
[2026-04-06 16:08:18,510][httpx][INFO] - HTTP Request: HEAD https://huggingface.co/api/resolve-cache/models/OpenGVLab/InternVL3-8B-hf/259a3b64a14623c0ec91a045cb43f7c5af5fa6af/config.json "HTTP/1.1 200 OK"
[2026-04-06 16:08:18,512][httpx][INFO] - HTTP Request: HEAD https://huggingface.co/api/resolve-cache/models/OpenGVLab/InternVL3-8B-hf/259a3b64a14623c0ec91a045cb43f7c5af5fa6af/tokenizer_config.json "HTTP/1.1 200 OK"
[2026-04-06 16:08:18,557][httpx][INFO] - HTTP Request: HEAD https://huggingface.co/OpenGVLab/InternVL3-8B-hf/resolve/main/tokenizer_config.json "HTTP/1.1 307 Temporary Redirect"
[2026-04-06 16:08:18,576][httpx][INFO] - HTTP Request: HEAD https://huggingface.co/api/resolve-cache/models/OpenGVLab/InternVL3-8B-hf/259a3b64a14623c0ec91a045cb43f7c5af5fa6af/tokenizer_config.json "HTTP/1.1 200 OK"
[2026-04-06 16:08:18,628][httpx][INFO] - HTTP Request: GET https://huggingface.co/api/models/OpenGVLab/InternVL3-8B-hf/tree/main/additional_chat_templates?recursive=false&expand=false "HTTP/1.1 404 Not Found"
[2026-04-06 16:08:18,633][httpx][INFO] - HTTP Request: HEAD https://huggingface.co/OpenGVLab/InternVL3-8B-hf/resolve/main/tokenizer_config.json "HTTP/1.1 307 Temporary Redirect"
[2026-04-06 16:08:18,652][httpx][INFO] - HTTP Request: HEAD https://huggingface.co/api/resolve-cache/models/OpenGVLab/InternVL3-8B-hf/259a3b64a14623c0ec91a045cb43f7c5af5fa6af/tokenizer_config.json "HTTP/1.1 200 OK"
[2026-04-06 16:08:18,695][httpx][INFO] - HTTP Request: GET https://huggingface.co/api/models/OpenGVLab/InternVL3-8B-hf/tree/main/additional_chat_templates?recursive=false&expand=false "HTTP/1.1 404 Not Found"
[2026-04-06 16:08:18,724][httpx][INFO] - HTTP Request: HEAD https://huggingface.co/OpenGVLab/InternVL3-8B-hf/resolve/main/config.json "HTTP/1.1 307 Temporary Redirect"
[2026-04-06 16:08:18,741][httpx][INFO] - HTTP Request: GET https://huggingface.co/api/models/OpenGVLab/InternVL3-8B-hf/tree/main?recursive=true&expand=false "HTTP/1.1 200 OK"
[2026-04-06 16:08:18,742][httpx][INFO] - HTTP Request: HEAD https://huggingface.co/api/resolve-cache/models/OpenGVLab/InternVL3-8B-hf/259a3b64a14623c0ec91a045cb43f7c5af5fa6af/config.json "HTTP/1.1 200 OK"
[2026-04-06 16:08:18,772][httpx][INFO] - HTTP Request: GET https://huggingface.co/api/models/OpenGVLab/InternVL3-8B-hf/tree/main/additional_chat_templates?recursive=false&expand=false "HTTP/1.1 404 Not Found"
[2026-04-06 16:08:18,810][httpx][INFO] - HTTP Request: GET https://huggingface.co/api/models/OpenGVLab/InternVL3-8B-hf/tree/main?recursive=true&expand=false "HTTP/1.1 200 OK"
[2026-04-06 16:08:18,869][httpx][INFO] - HTTP Request: HEAD https://huggingface.co/OpenGVLab/InternVL3-8B-hf/resolve/main/tokenizer_config.json "HTTP/1.1 307 Temporary Redirect"
[2026-04-06 16:08:18,889][httpx][INFO] - HTTP Request: HEAD https://huggingface.co/api/resolve-cache/models/OpenGVLab/InternVL3-8B-hf/259a3b64a14623c0ec91a045cb43f7c5af5fa6af/tokenizer_config.json "HTTP/1.1 200 OK"
[2026-04-06 16:08:18,902][httpx][INFO] - HTTP Request: GET https://huggingface.co/api/models/OpenGVLab/InternVL3-8B-hf/tree/main?recursive=true&expand=false "HTTP/1.1 200 OK"
[2026-04-06 16:08:19,004][httpx][INFO] - HTTP Request: GET https://huggingface.co/api/models/OpenGVLab/InternVL3-8B-hf/tree/main/additional_chat_templates?recursive=false&expand=false "HTTP/1.1 404 Not Found"
[2026-04-06 16:08:19,117][httpx][INFO] - HTTP Request: GET https://huggingface.co/api/models/OpenGVLab/InternVL3-8B-hf/tree/main?recursive=true&expand=false "HTTP/1.1 200 OK"
[2026-04-06 16:08:19,425][httpx][INFO] - HTTP Request: GET https://huggingface.co/api/models/OpenGVLab/InternVL3-8B-hf "HTTP/1.1 200 OK"
[2026-04-06 16:08:19,544][httpx][INFO] - HTTP Request: GET https://huggingface.co/api/models/OpenGVLab/InternVL3-8B-hf "HTTP/1.1 200 OK"
[2026-04-06 16:08:19,551][httpx][INFO] - HTTP Request: HEAD https://huggingface.co/OpenGVLab/InternVL3-8B-hf/resolve/main/processor_config.json "HTTP/1.1 307 Temporary Redirect"
[2026-04-06 16:08:19,570][httpx][INFO] - HTTP Request: HEAD https://huggingface.co/api/resolve-cache/models/OpenGVLab/InternVL3-8B-hf/259a3b64a14623c0ec91a045cb43f7c5af5fa6af/processor_config.json "HTTP/1.1 200 OK"
[2026-04-06 16:08:19,657][httpx][INFO] - HTTP Request: HEAD https://huggingface.co/OpenGVLab/InternVL3-8B-hf/resolve/main/processor_config.json "HTTP/1.1 307 Temporary Redirect"
[2026-04-06 16:08:19,675][httpx][INFO] - HTTP Request: HEAD https://huggingface.co/api/resolve-cache/models/OpenGVLab/InternVL3-8B-hf/259a3b64a14623c0ec91a045cb43f7c5af5fa6af/processor_config.json "HTTP/1.1 200 OK"
[2026-04-06 16:08:19,686][httpx][INFO] - HTTP Request: GET https://huggingface.co/api/models/OpenGVLab/InternVL3-8B-hf "HTTP/1.1 200 OK"
[2026-04-06 16:08:19,730][httpx][INFO] - HTTP Request: GET https://huggingface.co/api/models/OpenGVLab/InternVL3-8B-hf "HTTP/1.1 200 OK"
[2026-04-06 16:08:19,751][httpx][INFO] - HTTP Request: HEAD https://huggingface.co/OpenGVLab/InternVL3-8B-hf/resolve/main/video_preprocessor_config.json "HTTP/1.1 404 Not Found"
[2026-04-06 16:08:19,874][httpx][INFO] - HTTP Request: HEAD https://huggingface.co/OpenGVLab/InternVL3-8B-hf/resolve/main/video_preprocessor_config.json "HTTP/1.1 404 Not Found"
[2026-04-06 16:08:19,881][httpx][INFO] - HTTP Request: HEAD https://huggingface.co/OpenGVLab/InternVL3-8B-hf/resolve/main/preprocessor_config.json "HTTP/1.1 307 Temporary Redirect"
[2026-04-06 16:08:19,896][httpx][INFO] - HTTP Request: HEAD https://huggingface.co/OpenGVLab/InternVL3-8B-hf/resolve/main/processor_config.json "HTTP/1.1 307 Temporary Redirect"
[2026-04-06 16:08:19,900][httpx][INFO] - HTTP Request: HEAD https://huggingface.co/api/resolve-cache/models/OpenGVLab/InternVL3-8B-hf/259a3b64a14623c0ec91a045cb43f7c5af5fa6af/preprocessor_config.json "HTTP/1.1 200 OK"
[2026-04-06 16:08:19,914][httpx][INFO] - HTTP Request: HEAD https://huggingface.co/api/resolve-cache/models/OpenGVLab/InternVL3-8B-hf/259a3b64a14623c0ec91a045cb43f7c5af5fa6af/processor_config.json "HTTP/1.1 200 OK"
[2026-04-06 16:08:19,942][httpx][INFO] - HTTP Request: HEAD https://huggingface.co/OpenGVLab/InternVL3-8B-hf/resolve/main/processor_config.json "HTTP/1.1 307 Temporary Redirect"
[2026-04-06 16:08:19,962][httpx][INFO] - HTTP Request: HEAD https://huggingface.co/api/resolve-cache/models/OpenGVLab/InternVL3-8B-hf/259a3b64a14623c0ec91a045cb43f7c5af5fa6af/processor_config.json "HTTP/1.1 200 OK"
[2026-04-06 16:08:19,997][httpx][INFO] - HTTP Request: HEAD https://huggingface.co/OpenGVLab/InternVL3-8B-hf/resolve/main/preprocessor_config.json "HTTP/1.1 307 Temporary Redirect"
[2026-04-06 16:08:20,015][httpx][INFO] - HTTP Request: HEAD https://huggingface.co/api/resolve-cache/models/OpenGVLab/InternVL3-8B-hf/259a3b64a14623c0ec91a045cb43f7c5af5fa6af/preprocessor_config.json "HTTP/1.1 200 OK"
[2026-04-06 16:08:20,050][httpx][INFO] - HTTP Request: HEAD https://huggingface.co/OpenGVLab/InternVL3-8B-hf/resolve/main/config.json "HTTP/1.1 307 Temporary Redirect"
[2026-04-06 16:08:20,070][httpx][INFO] - HTTP Request: HEAD https://huggingface.co/api/resolve-cache/models/OpenGVLab/InternVL3-8B-hf/259a3b64a14623c0ec91a045cb43f7c5af5fa6af/config.json "HTTP/1.1 200 OK"
[2026-04-06 16:08:20,083][httpx][INFO] - HTTP Request: HEAD https://huggingface.co/OpenGVLab/InternVL3-8B-hf/resolve/main/video_preprocessor_config.json "HTTP/1.1 404 Not Found"
[2026-04-06 16:08:20,101][httpx][INFO] - HTTP Request: HEAD https://huggingface.co/OpenGVLab/InternVL3-8B-hf/resolve/main/video_preprocessor_config.json "HTTP/1.1 404 Not Found"
[2026-04-06 16:08:20,129][httpx][INFO] - HTTP Request: HEAD https://huggingface.co/OpenGVLab/InternVL3-8B-hf/resolve/main/config.json "HTTP/1.1 307 Temporary Redirect"
[2026-04-06 16:08:20,147][httpx][INFO] - HTTP Request: HEAD https://huggingface.co/api/resolve-cache/models/OpenGVLab/InternVL3-8B-hf/259a3b64a14623c0ec91a045cb43f7c5af5fa6af/config.json "HTTP/1.1 200 OK"
[2026-04-06 16:08:20,194][httpx][INFO] - HTTP Request: HEAD https://huggingface.co/OpenGVLab/InternVL3-8B-hf/resolve/main/processor_config.json "HTTP/1.1 307 Temporary Redirect"
[2026-04-06 16:08:20,207][httpx][INFO] - HTTP Request: HEAD https://huggingface.co/OpenGVLab/InternVL3-8B-hf/resolve/main/preprocessor_config.json "HTTP/1.1 307 Temporary Redirect"
[2026-04-06 16:08:20,211][httpx][INFO] - HTTP Request: HEAD https://huggingface.co/api/resolve-cache/models/OpenGVLab/InternVL3-8B-hf/259a3b64a14623c0ec91a045cb43f7c5af5fa6af/processor_config.json "HTTP/1.1 200 OK"
[2026-04-06 16:08:20,224][httpx][INFO] - HTTP Request: HEAD https://huggingface.co/OpenGVLab/InternVL3-8B-hf/resolve/main/preprocessor_config.json "HTTP/1.1 307 Temporary Redirect"
[2026-04-06 16:08:20,226][httpx][INFO] - HTTP Request: HEAD https://huggingface.co/api/resolve-cache/models/OpenGVLab/InternVL3-8B-hf/259a3b64a14623c0ec91a045cb43f7c5af5fa6af/preprocessor_config.json "HTTP/1.1 200 OK"
[2026-04-06 16:08:20,243][httpx][INFO] - HTTP Request: HEAD https://huggingface.co/api/resolve-cache/models/OpenGVLab/InternVL3-8B-hf/259a3b64a14623c0ec91a045cb43f7c5af5fa6af/preprocessor_config.json "HTTP/1.1 200 OK"
[2026-04-06 16:08:20,272][httpx][INFO] - HTTP Request: HEAD https://huggingface.co/OpenGVLab/InternVL3-8B-hf/resolve/main/processor_config.json "HTTP/1.1 307 Temporary Redirect"
[2026-04-06 16:08:20,290][httpx][INFO] - HTTP Request: HEAD https://huggingface.co/api/resolve-cache/models/OpenGVLab/InternVL3-8B-hf/259a3b64a14623c0ec91a045cb43f7c5af5fa6af/processor_config.json "HTTP/1.1 200 OK"
[2026-04-06 16:08:20,369][httpx][INFO] - HTTP Request: HEAD https://huggingface.co/OpenGVLab/InternVL3-8B-hf/resolve/main/config.json "HTTP/1.1 307 Temporary Redirect"
[2026-04-06 16:08:20,373][httpx][INFO] - HTTP Request: HEAD https://huggingface.co/OpenGVLab/InternVL3-8B-hf/resolve/main/config.json "HTTP/1.1 307 Temporary Redirect"
[2026-04-06 16:08:20,384][httpx][INFO] - HTTP Request: HEAD https://huggingface.co/OpenGVLab/InternVL3-8B-hf/resolve/main/video_preprocessor_config.json "HTTP/1.1 404 Not Found"
[2026-04-06 16:08:20,390][httpx][INFO] - HTTP Request: HEAD https://huggingface.co/api/resolve-cache/models/OpenGVLab/InternVL3-8B-hf/259a3b64a14623c0ec91a045cb43f7c5af5fa6af/config.json "HTTP/1.1 200 OK"
[2026-04-06 16:08:20,391][httpx][INFO] - HTTP Request: HEAD https://huggingface.co/api/resolve-cache/models/OpenGVLab/InternVL3-8B-hf/259a3b64a14623c0ec91a045cb43f7c5af5fa6af/config.json "HTTP/1.1 200 OK"
[2026-04-06 16:08:20,422][httpx][INFO] - HTTP Request: HEAD https://huggingface.co/OpenGVLab/InternVL3-8B-hf/resolve/main/video_preprocessor_config.json "HTTP/1.1 404 Not Found"
[2026-04-06 16:08:20,522][httpx][INFO] - HTTP Request: HEAD https://huggingface.co/OpenGVLab/InternVL3-8B-hf/resolve/main/preprocessor_config.json "HTTP/1.1 307 Temporary Redirect"
[2026-04-06 16:08:20,527][httpx][INFO] - HTTP Request: HEAD https://huggingface.co/OpenGVLab/InternVL3-8B-hf/resolve/main/processor_config.json "HTTP/1.1 307 Temporary Redirect"
[2026-04-06 16:08:20,541][httpx][INFO] - HTTP Request: HEAD https://huggingface.co/api/resolve-cache/models/OpenGVLab/InternVL3-8B-hf/259a3b64a14623c0ec91a045cb43f7c5af5fa6af/preprocessor_config.json "HTTP/1.1 200 OK"
[2026-04-06 16:08:20,542][httpx][INFO] - HTTP Request: HEAD https://huggingface.co/OpenGVLab/InternVL3-8B-hf/resolve/main/preprocessor_config.json "HTTP/1.1 307 Temporary Redirect"
[2026-04-06 16:08:20,546][httpx][INFO] - HTTP Request: HEAD https://huggingface.co/api/resolve-cache/models/OpenGVLab/InternVL3-8B-hf/259a3b64a14623c0ec91a045cb43f7c5af5fa6af/processor_config.json "HTTP/1.1 200 OK"
[2026-04-06 16:08:20,560][httpx][INFO] - HTTP Request: HEAD https://huggingface.co/api/resolve-cache/models/OpenGVLab/InternVL3-8B-hf/259a3b64a14623c0ec91a045cb43f7c5af5fa6af/preprocessor_config.json "HTTP/1.1 200 OK"
[2026-04-06 16:08:20,647][httpx][INFO] - HTTP Request: HEAD https://huggingface.co/OpenGVLab/InternVL3-8B-hf/resolve/main/processor_config.json "HTTP/1.1 307 Temporary Redirect"
[2026-04-06 16:08:20,663][httpx][INFO] - HTTP Request: HEAD https://huggingface.co/OpenGVLab/InternVL3-8B-hf/resolve/main/video_preprocessor_config.json "HTTP/1.1 404 Not Found"
[2026-04-06 16:08:20,666][httpx][INFO] - HTTP Request: HEAD https://huggingface.co/api/resolve-cache/models/OpenGVLab/InternVL3-8B-hf/259a3b64a14623c0ec91a045cb43f7c5af5fa6af/processor_config.json "HTTP/1.1 200 OK"
[2026-04-06 16:08:20,672][httpx][INFO] - HTTP Request: HEAD https://huggingface.co/OpenGVLab/InternVL3-8B-hf/resolve/main/config.json "HTTP/1.1 307 Temporary Redirect"
[2026-04-06 16:08:20,690][httpx][INFO] - HTTP Request: HEAD https://huggingface.co/api/resolve-cache/models/OpenGVLab/InternVL3-8B-hf/259a3b64a14623c0ec91a045cb43f7c5af5fa6af/config.json "HTTP/1.1 200 OK"
[2026-04-06 16:08:20,716][httpx][INFO] - HTTP Request: HEAD https://huggingface.co/OpenGVLab/InternVL3-8B-hf/resolve/main/config.json "HTTP/1.1 307 Temporary Redirect"
[2026-04-06 16:08:20,735][httpx][INFO] - HTTP Request: HEAD https://huggingface.co/api/resolve-cache/models/OpenGVLab/InternVL3-8B-hf/259a3b64a14623c0ec91a045cb43f7c5af5fa6af/config.json "HTTP/1.1 200 OK"
[2026-04-06 16:08:20,777][httpx][INFO] - HTTP Request: HEAD https://huggingface.co/OpenGVLab/InternVL3-8B-hf/resolve/main/video_preprocessor_config.json "HTTP/1.1 404 Not Found"
[2026-04-06 16:08:20,795][httpx][INFO] - HTTP Request: HEAD https://huggingface.co/OpenGVLab/InternVL3-8B-hf/resolve/main/preprocessor_config.json "HTTP/1.1 307 Temporary Redirect"
[2026-04-06 16:08:20,809][httpx][INFO] - HTTP Request: HEAD https://huggingface.co/OpenGVLab/InternVL3-8B-hf/resolve/main/config.json "HTTP/1.1 307 Temporary Redirect"
[2026-04-06 16:08:20,813][httpx][INFO] - HTTP Request: HEAD https://huggingface.co/api/resolve-cache/models/OpenGVLab/InternVL3-8B-hf/259a3b64a14623c0ec91a045cb43f7c5af5fa6af/preprocessor_config.json "HTTP/1.1 200 OK"
[2026-04-06 16:08:20,827][httpx][INFO] - HTTP Request: HEAD https://huggingface.co/api/resolve-cache/models/OpenGVLab/InternVL3-8B-hf/259a3b64a14623c0ec91a045cb43f7c5af5fa6af/config.json "HTTP/1.1 200 OK"
[2026-04-06 16:08:20,899][httpx][INFO] - HTTP Request: HEAD https://huggingface.co/OpenGVLab/InternVL3-8B-hf/resolve/main/config.json "HTTP/1.1 307 Temporary Redirect"
[2026-04-06 16:08:20,917][httpx][INFO] - HTTP Request: HEAD https://huggingface.co/api/resolve-cache/models/OpenGVLab/InternVL3-8B-hf/259a3b64a14623c0ec91a045cb43f7c5af5fa6af/config.json "HTTP/1.1 200 OK"
[2026-04-06 16:08:20,943][httpx][INFO] - HTTP Request: HEAD https://huggingface.co/OpenGVLab/InternVL3-8B-hf/resolve/main/preprocessor_config.json "HTTP/1.1 307 Temporary Redirect"
[2026-04-06 16:08:20,964][httpx][INFO] - HTTP Request: HEAD https://huggingface.co/api/resolve-cache/models/OpenGVLab/InternVL3-8B-hf/259a3b64a14623c0ec91a045cb43f7c5af5fa6af/preprocessor_config.json "HTTP/1.1 200 OK"
[2026-04-06 16:08:21,024][httpx][INFO] - HTTP Request: HEAD https://huggingface.co/OpenGVLab/InternVL3-8B-hf/resolve/main/model.safetensors "HTTP/1.1 404 Not Found"
[2026-04-06 16:08:21,076][httpx][INFO] - HTTP Request: HEAD https://huggingface.co/OpenGVLab/InternVL3-8B-hf/resolve/main/config.json "HTTP/1.1 307 Temporary Redirect"
[2026-04-06 16:08:21,094][httpx][INFO] - HTTP Request: HEAD https://huggingface.co/api/resolve-cache/models/OpenGVLab/InternVL3-8B-hf/259a3b64a14623c0ec91a045cb43f7c5af5fa6af/config.json "HTTP/1.1 200 OK"
[2026-04-06 16:08:21,159][httpx][INFO] - HTTP Request: HEAD https://huggingface.co/OpenGVLab/InternVL3-8B-hf/resolve/main/model.safetensors.index.json "HTTP/1.1 307 Temporary Redirect"
[2026-04-06 16:08:21,176][httpx][INFO] - HTTP Request: HEAD https://huggingface.co/api/resolve-cache/models/OpenGVLab/InternVL3-8B-hf/259a3b64a14623c0ec91a045cb43f7c5af5fa6af/model.safetensors.index.json "HTTP/1.1 200 OK"
[2026-04-06 16:08:21,192][httpx][INFO] - HTTP Request: HEAD https://huggingface.co/OpenGVLab/InternVL3-8B-hf/resolve/main/model.safetensors "HTTP/1.1 404 Not Found"
[2026-04-06 16:08:21,293][httpx][INFO] - HTTP Request: HEAD https://huggingface.co/OpenGVLab/InternVL3-8B-hf/resolve/main/config.json "HTTP/1.1 307 Temporary Redirect"
[2026-04-06 16:08:21,296][httpx][INFO] - HTTP Request: GET https://huggingface.co/api/models/OpenGVLab/InternVL3-8B-hf/revision/main "HTTP/1.1 200 OK"
[2026-04-06 16:08:21,313][httpx][INFO] - HTTP Request: HEAD https://huggingface.co/api/resolve-cache/models/OpenGVLab/InternVL3-8B-hf/259a3b64a14623c0ec91a045cb43f7c5af5fa6af/config.json "HTTP/1.1 200 OK"
[2026-04-06 16:08:21,407][httpx][INFO] - HTTP Request: HEAD https://huggingface.co/OpenGVLab/InternVL3-8B-hf/resolve/main/model.safetensors.index.json "HTTP/1.1 307 Temporary Redirect"
[2026-04-06 16:08:21,426][httpx][INFO] - HTTP Request: HEAD https://huggingface.co/api/resolve-cache/models/OpenGVLab/InternVL3-8B-hf/259a3b64a14623c0ec91a045cb43f7c5af5fa6af/model.safetensors.index.json "HTTP/1.1 200 OK"
[2026-04-06 16:08:21,446][httpx][INFO] - HTTP Request: HEAD https://huggingface.co/OpenGVLab/InternVL3-8B-hf/resolve/main/model.safetensors "HTTP/1.1 404 Not Found"
[2026-04-06 16:08:21,540][httpx][INFO] - HTTP Request: GET https://huggingface.co/api/models/OpenGVLab/InternVL3-8B-hf/revision/main "HTTP/1.1 200 OK"
[2026-04-06 16:08:21,563][httpx][INFO] - HTTP Request: HEAD https://huggingface.co/OpenGVLab/InternVL3-8B-hf/resolve/main/model.safetensors.index.json "HTTP/1.1 307 Temporary Redirect"
[2026-04-06 16:08:21,582][httpx][INFO] - HTTP Request: HEAD https://huggingface.co/api/resolve-cache/models/OpenGVLab/InternVL3-8B-hf/259a3b64a14623c0ec91a045cb43f7c5af5fa6af/model.safetensors.index.json "HTTP/1.1 200 OK"
[2026-04-06 16:08:21,716][httpx][INFO] - HTTP Request: GET https://huggingface.co/api/models/OpenGVLab/InternVL3-8B-hf/revision/main "HTTP/1.1 200 OK"
[2026-04-06 16:08:21,793][httpx][INFO] - HTTP Request: HEAD https://huggingface.co/OpenGVLab/InternVL3-8B-hf/resolve/main/generation_config.json "HTTP/1.1 307 Temporary Redirect"
[2026-04-06 16:08:21,812][httpx][INFO] - HTTP Request: HEAD https://huggingface.co/api/resolve-cache/models/OpenGVLab/InternVL3-8B-hf/259a3b64a14623c0ec91a045cb43f7c5af5fa6af/generation_config.json "HTTP/1.1 200 OK"
[2026-04-06 16:08:22,033][httpx][INFO] - HTTP Request: HEAD https://huggingface.co/OpenGVLab/InternVL3-8B-hf/resolve/main/generation_config.json "HTTP/1.1 307 Temporary Redirect"
[2026-04-06 16:08:22,052][httpx][INFO] - HTTP Request: HEAD https://huggingface.co/api/resolve-cache/models/OpenGVLab/InternVL3-8B-hf/259a3b64a14623c0ec91a045cb43f7c5af5fa6af/generation_config.json "HTTP/1.1 200 OK"
[2026-04-06 16:08:22,196][httpx][INFO] - HTTP Request: HEAD https://huggingface.co/OpenGVLab/InternVL3-8B-hf/resolve/main/generation_config.json "HTTP/1.1 307 Temporary Redirect"
[2026-04-06 16:08:22,214][httpx][INFO] - HTTP Request: HEAD https://huggingface.co/api/resolve-cache/models/OpenGVLab/InternVL3-8B-hf/259a3b64a14623c0ec91a045cb43f7c5af5fa6af/generation_config.json "HTTP/1.1 200 OK"
[2026-04-06 16:08:24,399][root][INFO] - x86_64-linux-gnu-gcc -fno-strict-overflow -Wsign-compare -DNDEBUG -g -O2 -Wall -fPIC -c /tmp/tmp3m2l7vrh/test.c -o /tmp/tmp3m2l7vrh/test.o
[2026-04-06 16:08:24,428][root][INFO] - x86_64-linux-gnu-gcc /tmp/tmp3m2l7vrh/test.o -laio -o /tmp/tmp3m2l7vrh/a.out
[2026-04-06 16:08:24,477][root][INFO] - x86_64-linux-gnu-gcc -fno-strict-overflow -Wsign-compare -DNDEBUG -g -O2 -Wall -fPIC -c /tmp/tmpgpp1xfk4/test.c -o /tmp/tmpgpp1xfk4/test.o
[2026-04-06 16:08:24,503][root][INFO] - x86_64-linux-gnu-gcc /tmp/tmpgpp1xfk4/test.o -L/usr/local/cuda -L/usr/local/cuda/lib64 -lcufile -o /tmp/tmpgpp1xfk4/a.out
[2026-04-06 16:08:24,547][root][INFO] - x86_64-linux-gnu-gcc -fno-strict-overflow -Wsign-compare -DNDEBUG -g -O2 -Wall -fPIC -c /tmp/tmpzht16i_k/test.c -o /tmp/tmpzht16i_k/test.o
[2026-04-06 16:08:24,556][root][INFO] - x86_64-linux-gnu-gcc -fno-strict-overflow -Wsign-compare -DNDEBUG -g -O2 -Wall -fPIC -c /tmp/tmp1t6n3tug/test.c -o /tmp/tmp1t6n3tug/test.o
[2026-04-06 16:08:24,572][root][INFO] - x86_64-linux-gnu-gcc /tmp/tmpzht16i_k/test.o -laio -o /tmp/tmpzht16i_k/a.out
[2026-04-06 16:08:24,581][root][INFO] - x86_64-linux-gnu-gcc /tmp/tmp1t6n3tug/test.o -laio -o /tmp/tmp1t6n3tug/a.out
[2026-04-06 16:08:24,611][root][INFO] - x86_64-linux-gnu-gcc -fno-strict-overflow -Wsign-compare -DNDEBUG -g -O2 -Wall -fPIC -c /tmp/tmpwxh2tvpn/test.c -o /tmp/tmpwxh2tvpn/test.o
[2026-04-06 16:08:24,644][root][INFO] - x86_64-linux-gnu-gcc /tmp/tmpwxh2tvpn/test.o -laio -o /tmp/tmpwxh2tvpn/a.out
[2026-04-06 16:08:24,645][root][INFO] - x86_64-linux-gnu-gcc -fno-strict-overflow -Wsign-compare -DNDEBUG -g -O2 -Wall -fPIC -c /tmp/tmpev9kdaqo/test.c -o /tmp/tmpev9kdaqo/test.o
[2026-04-06 16:08:24,682][root][INFO] - x86_64-linux-gnu-gcc /tmp/tmpev9kdaqo/test.o -L/usr/local/cuda -L/usr/local/cuda/lib64 -lcufile -o /tmp/tmpev9kdaqo/a.out
[2026-04-06 16:08:24,695][root][INFO] - x86_64-linux-gnu-gcc -fno-strict-overflow -Wsign-compare -DNDEBUG -g -O2 -Wall -fPIC -c /tmp/tmpef0587ie/test.c -o /tmp/tmpef0587ie/test.o
[2026-04-06 16:08:24,720][root][INFO] - x86_64-linux-gnu-gcc /tmp/tmpef0587ie/test.o -L/usr/local/cuda -L/usr/local/cuda/lib64 -lcufile -o /tmp/tmpef0587ie/a.out
[2026-04-06 16:08:24,736][root][INFO] - x86_64-linux-gnu-gcc -fno-strict-overflow -Wsign-compare -DNDEBUG -g -O2 -Wall -fPIC -c /tmp/tmplcu90hpq/test.c -o /tmp/tmplcu90hpq/test.o
[2026-04-06 16:08:24,736][root][INFO] - x86_64-linux-gnu-gcc -fno-strict-overflow -Wsign-compare -DNDEBUG -g -O2 -Wall -fPIC -c /tmp/tmpbg5yor2m/test.c -o /tmp/tmpbg5yor2m/test.o
[2026-04-06 16:08:24,758][root][INFO] - x86_64-linux-gnu-gcc /tmp/tmplcu90hpq/test.o -laio -o /tmp/tmplcu90hpq/a.out
[2026-04-06 16:08:24,769][root][INFO] - x86_64-linux-gnu-gcc /tmp/tmpbg5yor2m/test.o -laio -o /tmp/tmpbg5yor2m/a.out
[2026-04-06 16:08:24,775][root][INFO] - x86_64-linux-gnu-gcc -fno-strict-overflow -Wsign-compare -DNDEBUG -g -O2 -Wall -fPIC -c /tmp/tmp7_xgby70/test.c -o /tmp/tmp7_xgby70/test.o
[2026-04-06 16:08:24,803][root][INFO] - x86_64-linux-gnu-gcc /tmp/tmp7_xgby70/test.o -laio -o /tmp/tmp7_xgby70/a.out
[2026-04-06 16:08:24,819][root][INFO] - x86_64-linux-gnu-gcc -fno-strict-overflow -Wsign-compare -DNDEBUG -g -O2 -Wall -fPIC -c /tmp/tmp5750hcvi/test.c -o /tmp/tmp5750hcvi/test.o
[2026-04-06 16:08:24,843][root][INFO] - x86_64-linux-gnu-gcc /tmp/tmp5750hcvi/test.o -L/usr/local/cuda -L/usr/local/cuda/lib64 -lcufile -o /tmp/tmp5750hcvi/a.out
[2026-04-06 16:08:24,894][root][INFO] - x86_64-linux-gnu-gcc -fno-strict-overflow -Wsign-compare -DNDEBUG -g -O2 -Wall -fPIC -c /tmp/tmpo5ih0zaa/test.c -o /tmp/tmpo5ih0zaa/test.o
[2026-04-06 16:08:24,918][root][INFO] - x86_64-linux-gnu-gcc /tmp/tmpo5ih0zaa/test.o -laio -o /tmp/tmpo5ih0zaa/a.out
[2026-04-06 16:08:27,487][httpx][INFO] - HTTP Request: HEAD https://huggingface.co/OpenGVLab/InternVL3-8B-hf/resolve/main/config.json "HTTP/1.1 307 Temporary Redirect"
[2026-04-06 16:08:27,506][httpx][INFO] - HTTP Request: HEAD https://huggingface.co/api/resolve-cache/models/OpenGVLab/InternVL3-8B-hf/259a3b64a14623c0ec91a045cb43f7c5af5fa6af/config.json "HTTP/1.1 200 OK"
[2026-04-06 16:08:27,624][httpx][INFO] - HTTP Request: HEAD https://huggingface.co/OpenGVLab/InternVL3-8B-hf/resolve/main/config.json "HTTP/1.1 307 Temporary Redirect"
[2026-04-06 16:08:27,643][httpx][INFO] - HTTP Request: HEAD https://huggingface.co/api/resolve-cache/models/OpenGVLab/InternVL3-8B-hf/259a3b64a14623c0ec91a045cb43f7c5af5fa6af/config.json "HTTP/1.1 200 OK"
[2026-04-06 16:08:27,769][httpx][INFO] - HTTP Request: HEAD https://huggingface.co/OpenGVLab/InternVL3-8B-hf/resolve/main/model.safetensors "HTTP/1.1 404 Not Found"
[2026-04-06 16:08:27,887][httpx][INFO] - HTTP Request: HEAD https://huggingface.co/OpenGVLab/InternVL3-8B-hf/resolve/main/model.safetensors.index.json "HTTP/1.1 307 Temporary Redirect"
[2026-04-06 16:08:27,906][httpx][INFO] - HTTP Request: HEAD https://huggingface.co/api/resolve-cache/models/OpenGVLab/InternVL3-8B-hf/259a3b64a14623c0ec91a045cb43f7c5af5fa6af/model.safetensors.index.json "HTTP/1.1 200 OK"
[2026-04-06 16:08:28,021][httpx][INFO] - HTTP Request: GET https://huggingface.co/api/models/OpenGVLab/InternVL3-8B-hf/revision/main "HTTP/1.1 200 OK"
[2026-04-06 16:08:28,582][httpx][INFO] - HTTP Request: HEAD https://huggingface.co/OpenGVLab/InternVL3-8B-hf/resolve/main/generation_config.json "HTTP/1.1 307 Temporary Redirect"
[2026-04-06 16:08:28,601][httpx][INFO] - HTTP Request: HEAD https://huggingface.co/api/resolve-cache/models/OpenGVLab/InternVL3-8B-hf/259a3b64a14623c0ec91a045cb43f7c5af5fa6af/generation_config.json "HTTP/1.1 200 OK"
